--
-- Database: `gita`
--


--
-- Table structure for table `ubdepartments`
--

CREATE TABLE IF NOT EXISTS `ubdepartments` (
  `id` char(6) NOT NULL DEFAULT '',
  `name` varchar(50) NOT NULL DEFAULT ''
) ENGINE=InnoDB DEFAULT CHARSET=utf8;

--
-- Dumping data for table `ubdepartments`
--

INSERT INTO `ubdepartments` (`id`, `name`) VALUES
('010000', 'Amazonas'),
('020000', 'Áncash'),
('030000', 'Apurímac'),
('040000', 'Arequipa'),
('050000', 'Ayacucho'),
('060000', 'Cajamarca'),
('070000', 'Callao'),
('080000', 'Cusco'),
('090000', 'Huancavelica'),
('100000', 'Huánuco'),
('110000', 'Ica'),
('120000', 'Junín'),
('130000', 'La Libertad'),
('140000', 'Lambayeque'),
('150000', 'Lima'),
('160000', 'Loreto'),
('170000', 'Madre de Dios'),
('180000', 'Moquegua'),
('190000', 'Pasco'),
('200000', 'Piura'),
('210000', 'Puno'),
('220000', 'San Martín'),
('230000', 'Tacna'),
('240000', 'Tumbes'),
('250000', 'Ucayali');

-- --------------------------------------------------------


--
-- Table structure for table `ubprovinces`
--

CREATE TABLE IF NOT EXISTS `ubprovinces` (
  `id` char(6) NOT NULL DEFAULT '',
  `name` varchar(50) NOT NULL DEFAULT '',
  `department_id` char(6) NOT NULL DEFAULT ''
) ENGINE=InnoDB DEFAULT CHARSET=utf8;

--
-- Dumping data for table `ubprovinces`
--

INSERT INTO `ubprovinces` (`id`, `name`, `department_id`) VALUES
('010100', 'Chachapoyas', '010000'),
('010200', 'Bagua', '010000'),
('010300', 'Bongará', '010000'),
('010400', 'Condorcanqui', '010000'),
('010500', 'Luya', '010000'),
('010600', 'Rodríguez de Mendoza', '010000'),
('010700', 'Utcubamba', '010000'),
('020100', 'Huaraz', '020000'),
('020200', 'Aija', '020000'),
('020300', 'Antonio Raymondi', '020000'),
('020400', 'Asunción', '020000'),
('020500', 'Bolognesi', '020000'),
('020600', 'Carhuaz', '020000'),
('020700', 'Carlos Fermín Fitzcarrald', '020000'),
('020800', 'Casma', '020000'),
('020900', 'Corongo', '020000'),
('021000', 'Huari', '020000'),
('021100', 'Huarmey', '020000'),
('021200', 'Huaylas', '020000'),
('021300', 'Mariscal Luzuriaga', '020000'),
('021400', 'Ocros', '020000'),
('021500', 'Pallasca', '020000'),
('021600', 'Pomabamba', '020000'),
('021700', 'Recuay', '020000'),
('021800', 'Santa', '020000'),
('021900', 'Sihuas', '020000'),
('022000', 'Yungay', '020000'),
('030100', 'Abancay', '030000'),
('030200', 'Andahuaylas', '030000'),
('030300', 'Antabamba', '030000'),
('030400', 'Aymaraes', '030000'),
('030500', 'Cotabambas', '030000'),
('030600', 'Chincheros', '030000'),
('030700', 'Grau', '030000'),
('040100', 'Arequipa', '040000'),
('040200', 'Camaná', '040000'),
('040300', 'Caravelí', '040000'),
('040400', 'Castilla', '040000'),
('040500', 'Caylloma', '040000'),
('040600', 'Condesuyos', '040000'),
('040700', 'Islay', '040000'),
('040800', 'La Uniòn', '040000'),
('050100', 'Huamanga', '050000'),
('050200', 'Cangallo', '050000'),
('050300', 'Huanca Sancos', '050000'),
('050400', 'Huanta', '050000'),
('050500', 'La Mar', '050000'),
('050600', 'Lucanas', '050000'),
('050700', 'Parinacochas', '050000'),
('050800', 'Pàucar del Sara Sara', '050000'),
('050900', 'Sucre', '050000'),
('051000', 'Víctor Fajardo', '050000'),
('051100', 'Vilcas Huamán', '050000'),
('060100', 'Cajamarca', '060000'),
('060200', 'Cajabamba', '060000'),
('060300', 'Celendín', '060000'),
('060400', 'Chota', '060000'),
('060500', 'Contumazá', '060000'),
('060600', 'Cutervo', '060000'),
('060700', 'Hualgayoc', '060000'),
('060800', 'Jaén', '060000'),
('060900', 'San Ignacio', '060000'),
('061000', 'San Marcos', '060000'),
('061100', 'San Miguel', '060000'),
('061200', 'San Pablo', '060000'),
('061300', 'Santa Cruz', '060000'),
('070100', 'Prov. Const. del Callao', '070000'),
('080100', 'Cusco', '080000'),
('080200', 'Acomayo', '080000'),
('080300', 'Anta', '080000'),
('080400', 'Calca', '080000'),
('080500', 'Canas', '080000'),
('080600', 'Canchis', '080000'),
('080700', 'Chumbivilcas', '080000'),
('080800', 'Espinar', '080000'),
('080900', 'La Convención', '080000'),
('081000', 'Paruro', '080000'),
('081100', 'Paucartambo', '080000'),
('081200', 'Quispicanchi', '080000'),
('081300', 'Urubamba', '080000'),
('090100', 'Huancavelica', '090000'),
('090200', 'Acobamba', '090000'),
('090300', 'Angaraes', '090000'),
('090400', 'Castrovirreyna', '090000'),
('090500', 'Churcampa', '090000'),
('090600', 'Huaytará', '090000'),
('090700', 'Tayacaja', '090000'),
('100100', 'Huánuco', '100000'),
('100200', 'Ambo', '100000'),
('100300', 'Dos de Mayo', '100000'),
('100400', 'Huacaybamba', '100000'),
('100500', 'Huamalíes', '100000'),
('100600', 'Leoncio Prado', '100000'),
('100700', 'Marañón', '100000'),
('100800', 'Pachitea', '100000'),
('100900', 'Puerto Inca', '100000'),
('101000', 'Lauricocha ', '100000'),
('101100', 'Yarowilca ', '100000'),
('110100', 'Ica ', '110000'),
('110200', 'Chincha ', '110000'),
('110300', 'Nasca ', '110000'),
('110400', 'Palpa ', '110000'),
('110500', 'Pisco ', '110000'),
('120100', 'Huancayo ', '120000'),
('120200', 'Concepción ', '120000'),
('120300', 'Chanchamayo ', '120000'),
('120400', 'Jauja ', '120000'),
('120500', 'Junín ', '120000'),
('120600', 'Satipo ', '120000'),
('120700', 'Tarma ', '120000'),
('120800', 'Yauli ', '120000'),
('120900', 'Chupaca ', '120000'),
('130100', 'Trujillo ', '130000'),
('130200', 'Ascope ', '130000'),
('130300', 'Bolívar ', '130000'),
('130400', 'Chepén ', '130000'),
('130500', 'Julcán ', '130000'),
('130600', 'Otuzco ', '130000'),
('130700', 'Pacasmayo ', '130000'),
('130800', 'Pataz ', '130000'),
('130900', 'Sánchez Carrión ', '130000'),
('131000', 'Santiago de Chuco ', '130000'),
('131100', 'Gran Chimú ', '130000'),
('131200', 'Virú ', '130000'),
('140100', 'Chiclayo ', '140000'),
('140200', 'Ferreñafe ', '140000'),
('140300', 'Lambayeque ', '140000'),
('150100', 'Lima ', '150000'),
('150200', 'Barranca ', '150000'),
('150300', 'Cajatambo ', '150000'),
('150400', 'Canta ', '150000'),
('150500', 'Cañete ', '150000'),
('150600', 'Huaral ', '150000'),
('150700', 'Huarochirí ', '150000'),
('150800', 'Huaura ', '150000'),
('150900', 'Oyón ', '150000'),
('151000', 'Yauyos ', '150000'),
('160100', 'Maynas ', '160000'),
('160200', 'Alto Amazonas ', '160000'),
('160300', 'Loreto ', '160000'),
('160400', 'Mariscal Ramón Castilla ', '160000'),
('160500', 'Requena ', '160000'),
('160600', 'Ucayali ', '160000'),
('160700', 'Datem del Marañón ', '160000'),
('160800', 'Putumayo', '160000'),
('170100', 'Tambopata ', '170000'),
('170200', 'Manu ', '170000'),
('170300', 'Tahuamanu ', '170000'),
('180100', 'Mariscal Nieto ', '180000'),
('180200', 'General Sánchez Cerro ', '180000'),
('180300', 'Ilo ', '180000'),
('190100', 'Pasco ', '190000'),
('190200', 'Daniel Alcides Carrión ', '190000'),
('190300', 'Oxapampa ', '190000'),
('200100', 'Piura ', '200000'),
('200200', 'Ayabaca ', '200000'),
('200300', 'Huancabamba ', '200000'),
('200400', 'Morropón ', '200000'),
('200500', 'Paita ', '200000'),
('200600', 'Sullana ', '200000'),
('200700', 'Talara ', '200000'),
('200800', 'Sechura ', '200000'),
('210100', 'Puno ', '210000'),
('210200', 'Azángaro ', '210000'),
('210300', 'Carabaya ', '210000'),
('210400', 'Chucuito ', '210000'),
('210500', 'El Collao ', '210000'),
('210600', 'Huancané ', '210000'),
('210700', 'Lampa ', '210000'),
('210800', 'Melgar ', '210000'),
('210900', 'Moho ', '210000'),
('211000', 'San Antonio de Putina ', '210000'),
('211100', 'San Román ', '210000'),
('211200', 'Sandia ', '210000'),
('211300', 'Yunguyo ', '210000'),
('220100', 'Moyobamba ', '220000'),
('220200', 'Bellavista ', '220000'),
('220300', 'El Dorado ', '220000'),
('220400', 'Huallaga ', '220000'),
('220500', 'Lamas ', '220000'),
('220600', 'Mariscal Cáceres ', '220000'),
('220700', 'Picota ', '220000'),
('220800', 'Rioja ', '220000'),
('220900', 'San Martín ', '220000'),
('221000', 'Tocache ', '220000'),
('230100', 'Tacna ', '230000'),
('230200', 'Candarave ', '230000'),
('230300', 'Jorge Basadre ', '230000'),
('230400', 'Tarata ', '230000'),
('240100', 'Tumbes ', '240000'),
('240200', 'Contralmirante Villar ', '240000'),
('240300', 'Zarumilla ', '240000'),
('250100', 'Coronel Portillo ', '250000'),
('250200', 'Atalaya ', '250000'),
('250300', 'Padre Abad ', '250000'),
('250400', 'Purús', '250000');

-- --------------------------------------------------------

--
-- Table structure for table `ubdistricts`
--

CREATE TABLE IF NOT EXISTS `ubdistricts` (
  `id` char(6) NOT NULL DEFAULT '',
  `name` varchar(50) NOT NULL DEFAULT '',
  `province_id` char(6) DEFAULT NULL,
  `department_id` char(6) NOT NULL DEFAULT ''
) ENGINE=InnoDB DEFAULT CHARSET=utf8;

--
-- Dumping data for table `ubdistricts`
--

INSERT INTO `ubdistricts` (`id`, `name`, `province_id`, `department_id`) VALUES
('010101', 'Chachapoyas', '010100', '010000'),
('010102', 'Asunción', '010100', '010000'),
('010103', 'Balsas', '010100', '010000'),
('010104', 'Cheto', '010100', '010000'),
('010105', 'Chiliquin', '010100', '010000'),
('010106', 'Chuquibamba', '010100', '010000'),
('010107', 'Granada', '010100', '010000'),
('010108', 'Huancas', '010100', '010000'),
('010109', 'La Jalca', '010100', '010000'),
('010110', 'Leimebamba', '010100', '010000'),
('010111', 'Levanto', '010100', '010000'),
('010112', 'Magdalena', '010100', '010000'),
('010113', 'Mariscal Castilla', '010100', '010000'),
('010114', 'Molinopampa', '010100', '010000'),
('010115', 'Montevideo', '010100', '010000'),
('010116', 'Olleros', '010100', '010000'),
('010117', 'Quinjalca', '010100', '010000'),
('010118', 'San Francisco de Daguas', '010100', '010000'),
('010119', 'San Isidro de Maino', '010100', '010000'),
('010120', 'Soloco', '010100', '010000'),
('010121', 'Sonche', '010100', '010000'),
('010201', 'Bagua', '010200', '010000'),
('010202', 'Aramango', '010200', '010000'),
('010203', 'Copallin', '010200', '010000'),
('010204', 'El Parco', '010200', '010000'),
('010205', 'Imaza', '010200', '010000'),
('010206', 'La Peca', '010200', '010000'),
('010301', 'Jumbilla', '010300', '010000'),
('010302', 'Chisquilla', '010300', '010000'),
('010303', 'Churuja', '010300', '010000'),
('010304', 'Corosha', '010300', '010000'),
('010305', 'Cuispes', '010300', '010000'),
('010306', 'Florida', '010300', '010000'),
('010307', 'Jazan', '010300', '010000'),
('010308', 'Recta', '010300', '010000'),
('010309', 'San Carlos', '010300', '010000'),
('010310', 'Shipasbamba', '010300', '010000'),
('010311', 'Valera', '010300', '010000'),
('010312', 'Yambrasbamba', '010300', '010000'),
('010401', 'Nieva', '010400', '010000'),
('010402', 'El Cenepa', '010400', '010000'),
('010403', 'Río Santiago', '010400', '010000'),
('010501', 'Lamud', '010500', '010000'),
('010502', 'Camporredondo', '010500', '010000'),
('010503', 'Cocabamba', '010500', '010000'),
('010504', 'Colcamar', '010500', '010000'),
('010505', 'Conila', '010500', '010000'),
('010506', 'Inguilpata', '010500', '010000'),
('010507', 'Longuita', '010500', '010000'),
('010508', 'Lonya Chico', '010500', '010000'),
('010509', 'Luya', '010500', '010000'),
('010510', 'Luya Viejo', '010500', '010000'),
('010511', 'María', '010500', '010000'),
('010512', 'Ocalli', '010500', '010000'),
('010513', 'Ocumal', '010500', '010000'),
('010514', 'Pisuquia', '010500', '010000'),
('010515', 'Providencia', '010500', '010000'),
('010516', 'San Cristóbal', '010500', '010000'),
('010517', 'San Francisco de Yeso', '010500', '010000'),
('010518', 'San Jerónimo', '010500', '010000'),
('010519', 'San Juan de Lopecancha', '010500', '010000'),
('010520', 'Santa Catalina', '010500', '010000'),
('010521', 'Santo Tomas', '010500', '010000'),
('010522', 'Tingo', '010500', '010000'),
('010523', 'Trita', '010500', '010000'),
('010601', 'San Nicolás', '010600', '010000'),
('010602', 'Chirimoto', '010600', '010000'),
('010603', 'Cochamal', '010600', '010000'),
('010604', 'Huambo', '010600', '010000'),
('010605', 'Limabamba', '010600', '010000'),
('010606', 'Longar', '010600', '010000'),
('010607', 'Mariscal Benavides', '010600', '010000'),
('010608', 'Milpuc', '010600', '010000'),
('010609', 'Omia', '010600', '010000'),
('010610', 'Santa Rosa', '010600', '010000'),
('010611', 'Totora', '010600', '010000'),
('010612', 'Vista Alegre', '010600', '010000'),
('010701', 'Bagua Grande', '010700', '010000'),
('010702', 'Cajaruro', '010700', '010000'),
('010703', 'Cumba', '010700', '010000'),
('010704', 'El Milagro', '010700', '010000'),
('010705', 'Jamalca', '010700', '010000'),
('010706', 'Lonya Grande', '010700', '010000'),
('010707', 'Yamon', '010700', '010000'),
('020101', 'Huaraz', '020100', '020000'),
('020102', 'Cochabamba', '020100', '020000'),
('020103', 'Colcabamba', '020100', '020000'),
('020104', 'Huanchay', '020100', '020000'),
('020105', 'Independencia', '020100', '020000'),
('020106', 'Jangas', '020100', '020000'),
('020107', 'La Libertad', '020100', '020000'),
('020108', 'Olleros', '020100', '020000'),
('020109', 'Pampas Grande', '020100', '020000'),
('020110', 'Pariacoto', '020100', '020000'),
('020111', 'Pira', '020100', '020000'),
('020112', 'Tarica', '020100', '020000'),
('020201', 'Aija', '020200', '020000'),
('020202', 'Coris', '020200', '020000'),
('020203', 'Huacllan', '020200', '020000'),
('020204', 'La Merced', '020200', '020000'),
('020205', 'Succha', '020200', '020000'),
('020301', 'Llamellin', '020300', '020000'),
('020302', 'Aczo', '020300', '020000'),
('020303', 'Chaccho', '020300', '020000'),
('020304', 'Chingas', '020300', '020000'),
('020305', 'Mirgas', '020300', '020000'),
('020306', 'San Juan de Rontoy', '020300', '020000'),
('020401', 'Chacas', '020400', '020000'),
('020402', 'Acochaca', '020400', '020000'),
('020501', 'Chiquian', '020500', '020000'),
('020502', 'Abelardo Pardo Lezameta', '020500', '020000'),
('020503', 'Antonio Raymondi', '020500', '020000'),
('020504', 'Aquia', '020500', '020000'),
('020505', 'Cajacay', '020500', '020000'),
('020506', 'Canis', '020500', '020000'),
('020507', 'Colquioc', '020500', '020000'),
('020508', 'Huallanca', '020500', '020000'),
('020509', 'Huasta', '020500', '020000'),
('020510', 'Huayllacayan', '020500', '020000'),
('020511', 'La Primavera', '020500', '020000'),
('020512', 'Mangas', '020500', '020000'),
('020513', 'Pacllon', '020500', '020000'),
('020514', 'San Miguel de Corpanqui', '020500', '020000'),
('020515', 'Ticllos', '020500', '020000'),
('020601', 'Carhuaz', '020600', '020000'),
('020602', 'Acopampa', '020600', '020000'),
('020603', 'Amashca', '020600', '020000'),
('020604', 'Anta', '020600', '020000'),
('020605', 'Ataquero', '020600', '020000'),
('020606', 'Marcara', '020600', '020000'),
('020607', 'Pariahuanca', '020600', '020000'),
('020608', 'San Miguel de Aco', '020600', '020000'),
('020609', 'Shilla', '020600', '020000'),
('020610', 'Tinco', '020600', '020000'),
('020611', 'Yungar', '020600', '020000'),
('020701', 'San Luis', '020700', '020000'),
('020702', 'San Nicolás', '020700', '020000'),
('020703', 'Yauya', '020700', '020000'),
('020801', 'Casma', '020800', '020000'),
('020802', 'Buena Vista Alta', '020800', '020000'),
('020803', 'Comandante Noel', '020800', '020000'),
('020804', 'Yautan', '020800', '020000'),
('020901', 'Corongo', '020900', '020000'),
('020902', 'Aco', '020900', '020000'),
('020903', 'Bambas', '020900', '020000'),
('020904', 'Cusca', '020900', '020000'),
('020905', 'La Pampa', '020900', '020000'),
('020906', 'Yanac', '020900', '020000'),
('020907', 'Yupan', '020900', '020000'),
('021001', 'Huari', '021000', '020000'),
('021002', 'Anra', '021000', '020000'),
('021003', 'Cajay', '021000', '020000'),
('021004', 'Chavin de Huantar', '021000', '020000'),
('021005', 'Huacachi', '021000', '020000'),
('021006', 'Huacchis', '021000', '020000'),
('021007', 'Huachis', '021000', '020000'),
('021008', 'Huantar', '021000', '020000'),
('021009', 'Masin', '021000', '020000'),
('021010', 'Paucas', '021000', '020000'),
('021011', 'Ponto', '021000', '020000'),
('021012', 'Rahuapampa', '021000', '020000'),
('021013', 'Rapayan', '021000', '020000'),
('021014', 'San Marcos', '021000', '020000'),
('021015', 'San Pedro de Chana', '021000', '020000'),
('021016', 'Uco', '021000', '020000'),
('021101', 'Huarmey', '021100', '020000'),
('021102', 'Cochapeti', '021100', '020000'),
('021103', 'Culebras', '021100', '020000'),
('021104', 'Huayan', '021100', '020000'),
('021105', 'Malvas', '021100', '020000'),
('021201', 'Caraz', '021200', '020000'),
('021202', 'Huallanca', '021200', '020000'),
('021203', 'Huata', '021200', '020000'),
('021204', 'Huaylas', '021200', '020000'),
('021205', 'Mato', '021200', '020000'),
('021206', 'Pamparomas', '021200', '020000'),
('021207', 'Pueblo Libre', '021200', '020000'),
('021208', 'Santa Cruz', '021200', '020000'),
('021209', 'Santo Toribio', '021200', '020000'),
('021210', 'Yuracmarca', '021200', '020000'),
('021301', 'Piscobamba', '021300', '020000'),
('021302', 'Casca', '021300', '020000'),
('021303', 'Eleazar Guzmán Barron', '021300', '020000'),
('021304', 'Fidel Olivas Escudero', '021300', '020000'),
('021305', 'Llama', '021300', '020000'),
('021306', 'Llumpa', '021300', '020000'),
('021307', 'Lucma', '021300', '020000'),
('021308', 'Musga', '021300', '020000'),
('021401', 'Ocros', '021400', '020000'),
('021402', 'Acas', '021400', '020000'),
('021403', 'Cajamarquilla', '021400', '020000'),
('021404', 'Carhuapampa', '021400', '020000'),
('021405', 'Cochas', '021400', '020000'),
('021406', 'Congas', '021400', '020000'),
('021407', 'Llipa', '021400', '020000'),
('021408', 'San Cristóbal de Rajan', '021400', '020000'),
('021409', 'San Pedro', '021400', '020000'),
('021410', 'Santiago de Chilcas', '021400', '020000'),
('021501', 'Cabana', '021500', '020000'),
('021502', 'Bolognesi', '021500', '020000'),
('021503', 'Conchucos', '021500', '020000'),
('021504', 'Huacaschuque', '021500', '020000'),
('021505', 'Huandoval', '021500', '020000'),
('021506', 'Lacabamba', '021500', '020000'),
('021507', 'Llapo', '021500', '020000'),
('021508', 'Pallasca', '021500', '020000'),
('021509', 'Pampas', '021500', '020000'),
('021510', 'Santa Rosa', '021500', '020000'),
('021511', 'Tauca', '021500', '020000'),
('021601', 'Pomabamba', '021600', '020000'),
('021602', 'Huayllan', '021600', '020000'),
('021603', 'Parobamba', '021600', '020000'),
('021604', 'Quinuabamba', '021600', '020000'),
('021701', 'Recuay', '021700', '020000'),
('021702', 'Catac', '021700', '020000'),
('021703', 'Cotaparaco', '021700', '020000'),
('021704', 'Huayllapampa', '021700', '020000'),
('021705', 'Llacllin', '021700', '020000'),
('021706', 'Marca', '021700', '020000'),
('021707', 'Pampas Chico', '021700', '020000'),
('021708', 'Pararin', '021700', '020000'),
('021709', 'Tapacocha', '021700', '020000'),
('021710', 'Ticapampa', '021700', '020000'),
('021801', 'Chimbote', '021800', '020000'),
('021802', 'Cáceres del Perú', '021800', '020000'),
('021803', 'Coishco', '021800', '020000'),
('021804', 'Macate', '021800', '020000'),
('021805', 'Moro', '021800', '020000'),
('021806', 'Nepeña', '021800', '020000'),
('021807', 'Samanco', '021800', '020000'),
('021808', 'Santa', '021800', '020000'),
('021809', 'Nuevo Chimbote', '021800', '020000'),
('021901', 'Sihuas', '021900', '020000'),
('021902', 'Acobamba', '021900', '020000'),
('021903', 'Alfonso Ugarte', '021900', '020000'),
('021904', 'Cashapampa', '021900', '020000'),
('021905', 'Chingalpo', '021900', '020000'),
('021906', 'Huayllabamba', '021900', '020000'),
('021907', 'Quiches', '021900', '020000'),
('021908', 'Ragash', '021900', '020000'),
('021909', 'San Juan', '021900', '020000'),
('021910', 'Sicsibamba', '021900', '020000'),
('022001', 'Yungay', '022000', '020000'),
('022002', 'Cascapara', '022000', '020000'),
('022003', 'Mancos', '022000', '020000'),
('022004', 'Matacoto', '022000', '020000'),
('022005', 'Quillo', '022000', '020000'),
('022006', 'Ranrahirca', '022000', '020000'),
('022007', 'Shupluy', '022000', '020000'),
('022008', 'Yanama', '022000', '020000'),
('030101', 'Abancay', '030100', '030000'),
('030102', 'Chacoche', '030100', '030000'),
('030103', 'Circa', '030100', '030000'),
('030104', 'Curahuasi', '030100', '030000'),
('030105', 'Huanipaca', '030100', '030000'),
('030106', 'Lambrama', '030100', '030000'),
('030107', 'Pichirhua', '030100', '030000'),
('030108', 'San Pedro de Cachora', '030100', '030000'),
('030109', 'Tamburco', '030100', '030000'),
('030201', 'Andahuaylas', '030200', '030000'),
('030202', 'Andarapa', '030200', '030000'),
('030203', 'Chiara', '030200', '030000'),
('030204', 'Huancarama', '030200', '030000'),
('030205', 'Huancaray', '030200', '030000'),
('030206', 'Huayana', '030200', '030000'),
('030207', 'Kishuara', '030200', '030000'),
('030208', 'Pacobamba', '030200', '030000'),
('030209', 'Pacucha', '030200', '030000'),
('030210', 'Pampachiri', '030200', '030000'),
('030211', 'Pomacocha', '030200', '030000'),
('030212', 'San Antonio de Cachi', '030200', '030000'),
('030213', 'San Jerónimo', '030200', '030000'),
('030214', 'San Miguel de Chaccrampa', '030200', '030000'),
('030215', 'Santa María de Chicmo', '030200', '030000'),
('030216', 'Talavera', '030200', '030000'),
('030217', 'Tumay Huaraca', '030200', '030000'),
('030218', 'Turpo', '030200', '030000'),
('030219', 'Kaquiabamba', '030200', '030000'),
('030220', 'José María Arguedas', '030200', '030000'),
('030301', 'Antabamba', '030300', '030000'),
('030302', 'El Oro', '030300', '030000'),
('030303', 'Huaquirca', '030300', '030000'),
('030304', 'Juan Espinoza Medrano', '030300', '030000'),
('030305', 'Oropesa', '030300', '030000'),
('030306', 'Pachaconas', '030300', '030000'),
('030307', 'Sabaino', '030300', '030000'),
('030401', 'Chalhuanca', '030400', '030000'),
('030402', 'Capaya', '030400', '030000'),
('030403', 'Caraybamba', '030400', '030000'),
('030404', 'Chapimarca', '030400', '030000'),
('030405', 'Colcabamba', '030400', '030000'),
('030406', 'Cotaruse', '030400', '030000'),
('030407', 'Ihuayllo', '030400', '030000'),
('030408', 'Justo Apu Sahuaraura', '030400', '030000'),
('030409', 'Lucre', '030400', '030000'),
('030410', 'Pocohuanca', '030400', '030000'),
('030411', 'San Juan de Chacña', '030400', '030000'),
('030412', 'Sañayca', '030400', '030000'),
('030413', 'Soraya', '030400', '030000'),
('030414', 'Tapairihua', '030400', '030000'),
('030415', 'Tintay', '030400', '030000'),
('030416', 'Toraya', '030400', '030000'),
('030417', 'Yanaca', '030400', '030000'),
('030501', 'Tambobamba', '030500', '030000'),
('030502', 'Cotabambas', '030500', '030000'),
('030503', 'Coyllurqui', '030500', '030000'),
('030504', 'Haquira', '030500', '030000'),
('030505', 'Mara', '030500', '030000'),
('030506', 'Challhuahuacho', '030500', '030000'),
('030601', 'Chincheros', '030600', '030000'),
('030602', 'Anco_Huallo', '030600', '030000'),
('030603', 'Cocharcas', '030600', '030000'),
('030604', 'Huaccana', '030600', '030000'),
('030605', 'Ocobamba', '030600', '030000'),
('030606', 'Ongoy', '030600', '030000'),
('030607', 'Uranmarca', '030600', '030000'),
('030608', 'Ranracancha', '030600', '030000'),
('030609', 'Rocchacc', '030600', '030000'),
('030610', 'El Porvenir', '030600', '030000'),
('030611', 'Los Chankas', '030600', '030000'),
('030701', 'Chuquibambilla', '030700', '030000'),
('030702', 'Curpahuasi', '030700', '030000'),
('030703', 'Gamarra', '030700', '030000'),
('030704', 'Huayllati', '030700', '030000'),
('030705', 'Mamara', '030700', '030000'),
('030706', 'Micaela Bastidas', '030700', '030000'),
('030707', 'Pataypampa', '030700', '030000'),
('030708', 'Progreso', '030700', '030000'),
('030709', 'San Antonio', '030700', '030000'),
('030710', 'Santa Rosa', '030700', '030000'),
('030711', 'Turpay', '030700', '030000'),
('030712', 'Vilcabamba', '030700', '030000'),
('030713', 'Virundo', '030700', '030000'),
('030714', 'Curasco', '030700', '030000'),
('040101', 'Arequipa', '040100', '040000'),
('040102', 'Alto Selva Alegre', '040100', '040000'),
('040103', 'Cayma', '040100', '040000'),
('040104', 'Cerro Colorado', '040100', '040000'),
('040105', 'Characato', '040100', '040000'),
('040106', 'Chiguata', '040100', '040000'),
('040107', 'Jacobo Hunter', '040100', '040000'),
('040108', 'La Joya', '040100', '040000'),
('040109', 'Mariano Melgar', '040100', '040000'),
('040110', 'Miraflores', '040100', '040000'),
('040111', 'Mollebaya', '040100', '040000'),
('040112', 'Paucarpata', '040100', '040000'),
('040113', 'Pocsi', '040100', '040000'),
('040114', 'Polobaya', '040100', '040000'),
('040115', 'Quequeña', '040100', '040000'),
('040116', 'Sabandia', '040100', '040000'),
('040117', 'Sachaca', '040100', '040000'),
('040118', 'San Juan de Siguas', '040100', '040000'),
('040119', 'San Juan de Tarucani', '040100', '040000'),
('040120', 'Santa Isabel de Siguas', '040100', '040000'),
('040121', 'Santa Rita de Siguas', '040100', '040000'),
('040122', 'Socabaya', '040100', '040000'),
('040123', 'Tiabaya', '040100', '040000'),
('040124', 'Uchumayo', '040100', '040000'),
('040125', 'Vitor', '040100', '040000'),
('040126', 'Yanahuara', '040100', '040000'),
('040127', 'Yarabamba', '040100', '040000'),
('040128', 'Yura', '040100', '040000'),
('040129', 'José Luis Bustamante Y Rivero', '040100', '040000'),
('040201', 'Camaná', '040200', '040000'),
('040202', 'José María Quimper', '040200', '040000'),
('040203', 'Mariano Nicolás Valcárcel', '040200', '040000'),
('040204', 'Mariscal Cáceres', '040200', '040000'),
('040205', 'Nicolás de Pierola', '040200', '040000'),
('040206', 'Ocoña', '040200', '040000'),
('040207', 'Quilca', '040200', '040000'),
('040208', 'Samuel Pastor', '040200', '040000'),
('040301', 'Caravelí', '040300', '040000'),
('040302', 'Acarí', '040300', '040000'),
('040303', 'Atico', '040300', '040000'),
('040304', 'Atiquipa', '040300', '040000'),
('040305', 'Bella Unión', '040300', '040000'),
('040306', 'Cahuacho', '040300', '040000'),
('040307', 'Chala', '040300', '040000'),
('040308', 'Chaparra', '040300', '040000'),
('040309', 'Huanuhuanu', '040300', '040000'),
('040310', 'Jaqui', '040300', '040000'),
('040311', 'Lomas', '040300', '040000'),
('040312', 'Quicacha', '040300', '040000'),
('040313', 'Yauca', '040300', '040000'),
('040401', 'Aplao', '040400', '040000'),
('040402', 'Andagua', '040400', '040000'),
('040403', 'Ayo', '040400', '040000'),
('040404', 'Chachas', '040400', '040000'),
('040405', 'Chilcaymarca', '040400', '040000'),
('040406', 'Choco', '040400', '040000'),
('040407', 'Huancarqui', '040400', '040000'),
('040408', 'Machaguay', '040400', '040000'),
('040409', 'Orcopampa', '040400', '040000'),
('040410', 'Pampacolca', '040400', '040000'),
('040411', 'Tipan', '040400', '040000'),
('040412', 'Uñon', '040400', '040000'),
('040413', 'Uraca', '040400', '040000'),
('040414', 'Viraco', '040400', '040000'),
('040501', 'Chivay', '040500', '040000'),
('040502', 'Achoma', '040500', '040000'),
('040503', 'Cabanaconde', '040500', '040000'),
('040504', 'Callalli', '040500', '040000'),
('040505', 'Caylloma', '040500', '040000'),
('040506', 'Coporaque', '040500', '040000'),
('040507', 'Huambo', '040500', '040000'),
('040508', 'Huanca', '040500', '040000'),
('040509', 'Ichupampa', '040500', '040000'),
('040510', 'Lari', '040500', '040000'),
('040511', 'Lluta', '040500', '040000'),
('040512', 'Maca', '040500', '040000'),
('040513', 'Madrigal', '040500', '040000'),
('040514', 'San Antonio de Chuca', '040500', '040000'),
('040515', 'Sibayo', '040500', '040000'),
('040516', 'Tapay', '040500', '040000'),
('040517', 'Tisco', '040500', '040000'),
('040518', 'Tuti', '040500', '040000'),
('040519', 'Yanque', '040500', '040000'),
('040520', 'Majes', '040500', '040000'),
('040601', 'Chuquibamba', '040600', '040000'),
('040602', 'Andaray', '040600', '040000'),
('040603', 'Cayarani', '040600', '040000'),
('040604', 'Chichas', '040600', '040000'),
('040605', 'Iray', '040600', '040000'),
('040606', 'Río Grande', '040600', '040000'),
('040607', 'Salamanca', '040600', '040000'),
('040608', 'Yanaquihua', '040600', '040000'),
('040701', 'Mollendo', '040700', '040000'),
('040702', 'Cocachacra', '040700', '040000'),
('040703', 'Dean Valdivia', '040700', '040000'),
('040704', 'Islay', '040700', '040000'),
('040705', 'Mejia', '040700', '040000'),
('040706', 'Punta de Bombón', '040700', '040000'),
('040801', 'Cotahuasi', '040800', '040000'),
('040802', 'Alca', '040800', '040000'),
('040803', 'Charcana', '040800', '040000'),
('040804', 'Huaynacotas', '040800', '040000'),
('040805', 'Pampamarca', '040800', '040000'),
('040806', 'Puyca', '040800', '040000'),
('040807', 'Quechualla', '040800', '040000'),
('040808', 'Sayla', '040800', '040000'),
('040809', 'Tauria', '040800', '040000'),
('040810', 'Tomepampa', '040800', '040000'),
('040811', 'Toro', '040800', '040000'),
('050101', 'Ayacucho', '050100', '050000'),
('050102', 'Acocro', '050100', '050000'),
('050103', 'Acos Vinchos', '050100', '050000'),
('050104', 'Carmen Alto', '050100', '050000'),
('050105', 'Chiara', '050100', '050000'),
('050106', 'Ocros', '050100', '050000'),
('050107', 'Pacaycasa', '050100', '050000'),
('050108', 'Quinua', '050100', '050000'),
('050109', 'San José de Ticllas', '050100', '050000'),
('050110', 'San Juan Bautista', '050100', '050000'),
('050111', 'Santiago de Pischa', '050100', '050000'),
('050112', 'Socos', '050100', '050000'),
('050113', 'Tambillo', '050100', '050000'),
('050114', 'Vinchos', '050100', '050000'),
('050115', 'Jesús Nazareno', '050100', '050000'),
('050116', 'Andrés Avelino Cáceres Dorregaray', '050100', '050000'),
('050201', 'Cangallo', '050200', '050000'),
('050202', 'Chuschi', '050200', '050000'),
('050203', 'Los Morochucos', '050200', '050000'),
('050204', 'María Parado de Bellido', '050200', '050000'),
('050205', 'Paras', '050200', '050000'),
('050206', 'Totos', '050200', '050000'),
('050301', 'Sancos', '050300', '050000'),
('050302', 'Carapo', '050300', '050000'),
('050303', 'Sacsamarca', '050300', '050000'),
('050304', 'Santiago de Lucanamarca', '050300', '050000'),
('050401', 'Huanta', '050400', '050000'),
('050402', 'Ayahuanco', '050400', '050000'),
('050403', 'Huamanguilla', '050400', '050000'),
('050404', 'Iguain', '050400', '050000'),
('050405', 'Luricocha', '050400', '050000'),
('050406', 'Santillana', '050400', '050000'),
('050407', 'Sivia', '050400', '050000'),
('050408', 'Llochegua', '050400', '050000'),
('050409', 'Canayre', '050400', '050000'),
('050410', 'Uchuraccay', '050400', '050000'),
('050411', 'Pucacolpa', '050400', '050000'),
('050412', 'Chaca', '050400', '050000'),
('050501', 'San Miguel', '050500', '050000'),
('050502', 'Anco', '050500', '050000'),
('050503', 'Ayna', '050500', '050000'),
('050504', 'Chilcas', '050500', '050000'),
('050505', 'Chungui', '050500', '050000'),
('050506', 'Luis Carranza', '050500', '050000'),
('050507', 'Santa Rosa', '050500', '050000'),
('050508', 'Tambo', '050500', '050000'),
('050509', 'Samugari', '050500', '050000'),
('050510', 'Anchihuay', '050500', '050000'),
('050511', 'Oronccoy', '050500', '050000'),
('050601', 'Puquio', '050600', '050000'),
('050602', 'Aucara', '050600', '050000'),
('050603', 'Cabana', '050600', '050000'),
('050604', 'Carmen Salcedo', '050600', '050000'),
('050605', 'Chaviña', '050600', '050000'),
('050606', 'Chipao', '050600', '050000'),
('050607', 'Huac-Huas', '050600', '050000'),
('050608', 'Laramate', '050600', '050000'),
('050609', 'Leoncio Prado', '050600', '050000'),
('050610', 'Llauta', '050600', '050000'),
('050611', 'Lucanas', '050600', '050000'),
('050612', 'Ocaña', '050600', '050000'),
('050613', 'Otoca', '050600', '050000'),
('050614', 'Saisa', '050600', '050000'),
('050615', 'San Cristóbal', '050600', '050000'),
('050616', 'San Juan', '050600', '050000'),
('050617', 'San Pedro', '050600', '050000'),
('050618', 'San Pedro de Palco', '050600', '050000'),
('050619', 'Sancos', '050600', '050000'),
('050620', 'Santa Ana de Huaycahuacho', '050600', '050000'),
('050621', 'Santa Lucia', '050600', '050000'),
('050701', 'Coracora', '050700', '050000'),
('050702', 'Chumpi', '050700', '050000'),
('050703', 'Coronel Castañeda', '050700', '050000'),
('050704', 'Pacapausa', '050700', '050000'),
('050705', 'Pullo', '050700', '050000'),
('050706', 'Puyusca', '050700', '050000'),
('050707', 'San Francisco de Ravacayco', '050700', '050000'),
('050708', 'Upahuacho', '050700', '050000'),
('050801', 'Pausa', '050800', '050000'),
('050802', 'Colta', '050800', '050000'),
('050803', 'Corculla', '050800', '050000'),
('050804', 'Lampa', '050800', '050000'),
('050805', 'Marcabamba', '050800', '050000'),
('050806', 'Oyolo', '050800', '050000'),
('050807', 'Pararca', '050800', '050000'),
('050808', 'San Javier de Alpabamba', '050800', '050000'),
('050809', 'San José de Ushua', '050800', '050000'),
('050810', 'Sara Sara', '050800', '050000'),
('050901', 'Querobamba', '050900', '050000'),
('050902', 'Belén', '050900', '050000'),
('050903', 'Chalcos', '050900', '050000'),
('050904', 'Chilcayoc', '050900', '050000'),
('050905', 'Huacaña', '050900', '050000'),
('050906', 'Morcolla', '050900', '050000'),
('050907', 'Paico', '050900', '050000'),
('050908', 'San Pedro de Larcay', '050900', '050000'),
('050909', 'San Salvador de Quije', '050900', '050000'),
('050910', 'Santiago de Paucaray', '050900', '050000'),
('050911', 'Soras', '050900', '050000'),
('051001', 'Huancapi', '051000', '050000'),
('051002', 'Alcamenca', '051000', '050000'),
('051003', 'Apongo', '051000', '050000'),
('051004', 'Asquipata', '051000', '050000'),
('051005', 'Canaria', '051000', '050000'),
('051006', 'Cayara', '051000', '050000'),
('051007', 'Colca', '051000', '050000'),
('051008', 'Huamanquiquia', '051000', '050000'),
('051009', 'Huancaraylla', '051000', '050000'),
('051010', 'Huaya', '051000', '050000'),
('051011', 'Sarhua', '051000', '050000'),
('051012', 'Vilcanchos', '051000', '050000'),
('051101', 'Vilcas Huaman', '051100', '050000'),
('051102', 'Accomarca', '051100', '050000'),
('051103', 'Carhuanca', '051100', '050000'),
('051104', 'Concepción', '051100', '050000'),
('051105', 'Huambalpa', '051100', '050000'),
('051106', 'Independencia', '051100', '050000'),
('051107', 'Saurama', '051100', '050000'),
('051108', 'Vischongo', '051100', '050000'),
('060101', 'Cajamarca', '060100', '060000'),
('060102', 'Asunción', '060100', '060000'),
('060103', 'Chetilla', '060100', '060000'),
('060104', 'Cospan', '060100', '060000'),
('060105', 'Encañada', '060100', '060000'),
('060106', 'Jesús', '060100', '060000'),
('060107', 'Llacanora', '060100', '060000'),
('060108', 'Los Baños del Inca', '060100', '060000'),
('060109', 'Magdalena', '060100', '060000'),
('060110', 'Matara', '060100', '060000'),
('060111', 'Namora', '060100', '060000'),
('060112', 'San Juan', '060100', '060000'),
('060201', 'Cajabamba', '060200', '060000'),
('060202', 'Cachachi', '060200', '060000'),
('060203', 'Condebamba', '060200', '060000'),
('060204', 'Sitacocha', '060200', '060000'),
('060301', 'Celendín', '060300', '060000'),
('060302', 'Chumuch', '060300', '060000'),
('060303', 'Cortegana', '060300', '060000'),
('060304', 'Huasmin', '060300', '060000'),
('060305', 'Jorge Chávez', '060300', '060000'),
('060306', 'José Gálvez', '060300', '060000'),
('060307', 'Miguel Iglesias', '060300', '060000'),
('060308', 'Oxamarca', '060300', '060000'),
('060309', 'Sorochuco', '060300', '060000'),
('060310', 'Sucre', '060300', '060000'),
('060311', 'Utco', '060300', '060000'),
('060312', 'La Libertad de Pallan', '060300', '060000'),
('060401', 'Chota', '060400', '060000'),
('060402', 'Anguia', '060400', '060000'),
('060403', 'Chadin', '060400', '060000'),
('060404', 'Chiguirip', '060400', '060000'),
('060405', 'Chimban', '060400', '060000'),
('060406', 'Choropampa', '060400', '060000'),
('060407', 'Cochabamba', '060400', '060000'),
('060408', 'Conchan', '060400', '060000'),
('060409', 'Huambos', '060400', '060000'),
('060410', 'Lajas', '060400', '060000'),
('060411', 'Llama', '060400', '060000'),
('060412', 'Miracosta', '060400', '060000'),
('060413', 'Paccha', '060400', '060000'),
('060414', 'Pion', '060400', '060000'),
('060415', 'Querocoto', '060400', '060000'),
('060416', 'San Juan de Licupis', '060400', '060000'),
('060417', 'Tacabamba', '060400', '060000'),
('060418', 'Tocmoche', '060400', '060000'),
('060419', 'Chalamarca', '060400', '060000'),
('060501', 'Contumaza', '060500', '060000'),
('060502', 'Chilete', '060500', '060000'),
('060503', 'Cupisnique', '060500', '060000'),
('060504', 'Guzmango', '060500', '060000'),
('060505', 'San Benito', '060500', '060000'),
('060506', 'Santa Cruz de Toledo', '060500', '060000'),
('060507', 'Tantarica', '060500', '060000'),
('060508', 'Yonan', '060500', '060000'),
('060601', 'Cutervo', '060600', '060000'),
('060602', 'Callayuc', '060600', '060000'),
('060603', 'Choros', '060600', '060000'),
('060604', 'Cujillo', '060600', '060000'),
('060605', 'La Ramada', '060600', '060000'),
('060606', 'Pimpingos', '060600', '060000'),
('060607', 'Querocotillo', '060600', '060000'),
('060608', 'San Andrés de Cutervo', '060600', '060000'),
('060609', 'San Juan de Cutervo', '060600', '060000'),
('060610', 'San Luis de Lucma', '060600', '060000'),
('060611', 'Santa Cruz', '060600', '060000'),
('060612', 'Santo Domingo de la Capilla', '060600', '060000'),
('060613', 'Santo Tomas', '060600', '060000'),
('060614', 'Socota', '060600', '060000'),
('060615', 'Toribio Casanova', '060600', '060000'),
('060701', 'Bambamarca', '060700', '060000'),
('060702', 'Chugur', '060700', '060000'),
('060703', 'Hualgayoc', '060700', '060000'),
('060801', 'Jaén', '060800', '060000'),
('060802', 'Bellavista', '060800', '060000'),
('060803', 'Chontali', '060800', '060000'),
('060804', 'Colasay', '060800', '060000'),
('060805', 'Huabal', '060800', '060000'),
('060806', 'Las Pirias', '060800', '060000'),
('060807', 'Pomahuaca', '060800', '060000'),
('060808', 'Pucara', '060800', '060000'),
('060809', 'Sallique', '060800', '060000'),
('060810', 'San Felipe', '060800', '060000'),
('060811', 'San José del Alto', '060800', '060000'),
('060812', 'Santa Rosa', '060800', '060000'),
('060901', 'San Ignacio', '060900', '060000'),
('060902', 'Chirinos', '060900', '060000'),
('060903', 'Huarango', '060900', '060000'),
('060904', 'La Coipa', '060900', '060000'),
('060905', 'Namballe', '060900', '060000'),
('060906', 'San José de Lourdes', '060900', '060000'),
('060907', 'Tabaconas', '060900', '060000'),
('061001', 'Pedro Gálvez', '061000', '060000'),
('061002', 'Chancay', '061000', '060000'),
('061003', 'Eduardo Villanueva', '061000', '060000'),
('061004', 'Gregorio Pita', '061000', '060000'),
('061005', 'Ichocan', '061000', '060000'),
('061006', 'José Manuel Quiroz', '061000', '060000'),
('061007', 'José Sabogal', '061000', '060000'),
('061101', 'San Miguel', '061100', '060000'),
('061102', 'Bolívar', '061100', '060000'),
('061103', 'Calquis', '061100', '060000'),
('061104', 'Catilluc', '061100', '060000'),
('061105', 'El Prado', '061100', '060000'),
('061106', 'La Florida', '061100', '060000'),
('061107', 'Llapa', '061100', '060000'),
('061108', 'Nanchoc', '061100', '060000'),
('061109', 'Niepos', '061100', '060000'),
('061110', 'San Gregorio', '061100', '060000'),
('061111', 'San Silvestre de Cochan', '061100', '060000'),
('061112', 'Tongod', '061100', '060000'),
('061113', 'Unión Agua Blanca', '061100', '060000'),
('061201', 'San Pablo', '061200', '060000'),
('061202', 'San Bernardino', '061200', '060000'),
('061203', 'San Luis', '061200', '060000'),
('061204', 'Tumbaden', '061200', '060000'),
('061301', 'Santa Cruz', '061300', '060000'),
('061302', 'Andabamba', '061300', '060000'),
('061303', 'Catache', '061300', '060000'),
('061304', 'Chancaybaños', '061300', '060000'),
('061305', 'La Esperanza', '061300', '060000'),
('061306', 'Ninabamba', '061300', '060000'),
('061307', 'Pulan', '061300', '060000'),
('061308', 'Saucepampa', '061300', '060000'),
('061309', 'Sexi', '061300', '060000'),
('061310', 'Uticyacu', '061300', '060000'),
('061311', 'Yauyucan', '061300', '060000'),
('070101', 'Callao', '070100', '070000'),
('070102', 'Bellavista', '070100', '070000'),
('070103', 'Carmen de la Legua Reynoso', '070100', '070000'),
('070104', 'La Perla', '070100', '070000'),
('070105', 'La Punta', '070100', '070000'),
('070106', 'Ventanilla', '070100', '070000'),
('070107', 'Mi Perú', '070100', '070000'),
('080101', 'Cusco', '080100', '080000'),
('080102', 'Ccorca', '080100', '080000'),
('080103', 'Poroy', '080100', '080000'),
('080104', 'San Jerónimo', '080100', '080000'),
('080105', 'San Sebastian', '080100', '080000'),
('080106', 'Santiago', '080100', '080000'),
('080107', 'Saylla', '080100', '080000'),
('080108', 'Wanchaq', '080100', '080000'),
('080201', 'Acomayo', '080200', '080000'),
('080202', 'Acopia', '080200', '080000'),
('080203', 'Acos', '080200', '080000'),
('080204', 'Mosoc Llacta', '080200', '080000'),
('080205', 'Pomacanchi', '080200', '080000'),
('080206', 'Rondocan', '080200', '080000'),
('080207', 'Sangarara', '080200', '080000'),
('080301', 'Anta', '080300', '080000'),
('080302', 'Ancahuasi', '080300', '080000'),
('080303', 'Cachimayo', '080300', '080000'),
('080304', 'Chinchaypujio', '080300', '080000'),
('080305', 'Huarocondo', '080300', '080000'),
('080306', 'Limatambo', '080300', '080000'),
('080307', 'Mollepata', '080300', '080000'),
('080308', 'Pucyura', '080300', '080000'),
('080309', 'Zurite', '080300', '080000'),
('080401', 'Calca', '080400', '080000'),
('080402', 'Coya', '080400', '080000'),
('080403', 'Lamay', '080400', '080000'),
('080404', 'Lares', '080400', '080000'),
('080405', 'Pisac', '080400', '080000'),
('080406', 'San Salvador', '080400', '080000'),
('080407', 'Taray', '080400', '080000'),
('080408', 'Yanatile', '080400', '080000'),
('080501', 'Yanaoca', '080500', '080000'),
('080502', 'Checca', '080500', '080000'),
('080503', 'Kunturkanki', '080500', '080000'),
('080504', 'Langui', '080500', '080000'),
('080505', 'Layo', '080500', '080000'),
('080506', 'Pampamarca', '080500', '080000'),
('080507', 'Quehue', '080500', '080000'),
('080508', 'Tupac Amaru', '080500', '080000'),
('080601', 'Sicuani', '080600', '080000'),
('080602', 'Checacupe', '080600', '080000'),
('080603', 'Combapata', '080600', '080000'),
('080604', 'Marangani', '080600', '080000'),
('080605', 'Pitumarca', '080600', '080000'),
('080606', 'San Pablo', '080600', '080000'),
('080607', 'San Pedro', '080600', '080000'),
('080608', 'Tinta', '080600', '080000'),
('080701', 'Santo Tomas', '080700', '080000'),
('080702', 'Capacmarca', '080700', '080000'),
('080703', 'Chamaca', '080700', '080000'),
('080704', 'Colquemarca', '080700', '080000'),
('080705', 'Livitaca', '080700', '080000'),
('080706', 'Llusco', '080700', '080000'),
('080707', 'Quiñota', '080700', '080000'),
('080708', 'Velille', '080700', '080000'),
('080801', 'Espinar', '080800', '080000'),
('080802', 'Condoroma', '080800', '080000'),
('080803', 'Coporaque', '080800', '080000'),
('080804', 'Ocoruro', '080800', '080000'),
('080805', 'Pallpata', '080800', '080000'),
('080806', 'Pichigua', '080800', '080000'),
('080807', 'Suyckutambo', '080800', '080000'),
('080808', 'Alto Pichigua', '080800', '080000'),
('080901', 'Santa Ana', '080900', '080000'),
('080902', 'Echarate', '080900', '080000'),
('080903', 'Huayopata', '080900', '080000'),
('080904', 'Maranura', '080900', '080000'),
('080905', 'Ocobamba', '080900', '080000'),
('080906', 'Quellouno', '080900', '080000'),
('080907', 'Kimbiri', '080900', '080000'),
('080908', 'Santa Teresa', '080900', '080000'),
('080909', 'Vilcabamba', '080900', '080000'),
('080910', 'Pichari', '080900', '080000'),
('080911', 'Inkawasi', '080900', '080000'),
('080912', 'Villa Virgen', '080900', '080000'),
('080913', 'Villa Kintiarina', '080900', '080000'),
('080914', 'Megantoni', '080900', '080000'),
('081001', 'Paruro', '081000', '080000'),
('081002', 'Accha', '081000', '080000'),
('081003', 'Ccapi', '081000', '080000'),
('081004', 'Colcha', '081000', '080000'),
('081005', 'Huanoquite', '081000', '080000'),
('081006', 'Omacha', '081000', '080000'),
('081007', 'Paccaritambo', '081000', '080000'),
('081008', 'Pillpinto', '081000', '080000'),
('081009', 'Yaurisque', '081000', '080000'),
('081101', 'Paucartambo', '081100', '080000'),
('081102', 'Caicay', '081100', '080000'),
('081103', 'Challabamba', '081100', '080000'),
('081104', 'Colquepata', '081100', '080000'),
('081105', 'Huancarani', '081100', '080000'),
('081106', 'Kosñipata', '081100', '080000'),
('081201', 'Urcos', '081200', '080000'),
('081202', 'Andahuaylillas', '081200', '080000'),
('081203', 'Camanti', '081200', '080000'),
('081204', 'Ccarhuayo', '081200', '080000'),
('081205', 'Ccatca', '081200', '080000'),
('081206', 'Cusipata', '081200', '080000'),
('081207', 'Huaro', '081200', '080000'),
('081208', 'Lucre', '081200', '080000'),
('081209', 'Marcapata', '081200', '080000'),
('081210', 'Ocongate', '081200', '080000'),
('081211', 'Oropesa', '081200', '080000'),
('081212', 'Quiquijana', '081200', '080000'),
('081301', 'Urubamba', '081300', '080000'),
('081302', 'Chinchero', '081300', '080000'),
('081303', 'Huayllabamba', '081300', '080000'),
('081304', 'Machupicchu', '081300', '080000'),
('081305', 'Maras', '081300', '080000'),
('081306', 'Ollantaytambo', '081300', '080000'),
('081307', 'Yucay', '081300', '080000'),
('090101', 'Huancavelica', '090100', '090000'),
('090102', 'Acobambilla', '090100', '090000'),
('090103', 'Acoria', '090100', '090000'),
('090104', 'Conayca', '090100', '090000'),
('090105', 'Cuenca', '090100', '090000'),
('090106', 'Huachocolpa', '090100', '090000'),
('090107', 'Huayllahuara', '090100', '090000'),
('090108', 'Izcuchaca', '090100', '090000'),
('090109', 'Laria', '090100', '090000'),
('090110', 'Manta', '090100', '090000'),
('090111', 'Mariscal Cáceres', '090100', '090000'),
('090112', 'Moya', '090100', '090000'),
('090113', 'Nuevo Occoro', '090100', '090000'),
('090114', 'Palca', '090100', '090000'),
('090115', 'Pilchaca', '090100', '090000'),
('090116', 'Vilca', '090100', '090000'),
('090117', 'Yauli', '090100', '090000'),
('090118', 'Ascensión', '090100', '090000'),
('090119', 'Huando', '090100', '090000'),
('090201', 'Acobamba', '090200', '090000'),
('090202', 'Andabamba', '090200', '090000'),
('090203', 'Anta', '090200', '090000'),
('090204', 'Caja', '090200', '090000'),
('090205', 'Marcas', '090200', '090000'),
('090206', 'Paucara', '090200', '090000'),
('090207', 'Pomacocha', '090200', '090000'),
('090208', 'Rosario', '090200', '090000'),
('090301', 'Lircay', '090300', '090000'),
('090302', 'Anchonga', '090300', '090000'),
('090303', 'Callanmarca', '090300', '090000'),
('090304', 'Ccochaccasa', '090300', '090000'),
('090305', 'Chincho', '090300', '090000'),
('090306', 'Congalla', '090300', '090000'),
('090307', 'Huanca-Huanca', '090300', '090000'),
('090308', 'Huayllay Grande', '090300', '090000'),
('090309', 'Julcamarca', '090300', '090000'),
('090310', 'San Antonio de Antaparco', '090300', '090000'),
('090311', 'Santo Tomas de Pata', '090300', '090000'),
('090312', 'Secclla', '090300', '090000'),
('090401', 'Castrovirreyna', '090400', '090000'),
('090402', 'Arma', '090400', '090000'),
('090403', 'Aurahua', '090400', '090000'),
('090404', 'Capillas', '090400', '090000'),
('090405', 'Chupamarca', '090400', '090000'),
('090406', 'Cocas', '090400', '090000'),
('090407', 'Huachos', '090400', '090000'),
('090408', 'Huamatambo', '090400', '090000'),
('090409', 'Mollepampa', '090400', '090000'),
('090410', 'San Juan', '090400', '090000'),
('090411', 'Santa Ana', '090400', '090000'),
('090412', 'Tantara', '090400', '090000'),
('090413', 'Ticrapo', '090400', '090000'),
('090501', 'Churcampa', '090500', '090000'),
('090502', 'Anco', '090500', '090000'),
('090503', 'Chinchihuasi', '090500', '090000'),
('090504', 'El Carmen', '090500', '090000'),
('090505', 'La Merced', '090500', '090000'),
('090506', 'Locroja', '090500', '090000'),
('090507', 'Paucarbamba', '090500', '090000'),
('090508', 'San Miguel de Mayocc', '090500', '090000'),
('090509', 'San Pedro de Coris', '090500', '090000'),
('090510', 'Pachamarca', '090500', '090000'),
('090511', 'Cosme', '090500', '090000'),
('090601', 'Huaytara', '090600', '090000'),
('090602', 'Ayavi', '090600', '090000'),
('090603', 'Córdova', '090600', '090000'),
('090604', 'Huayacundo Arma', '090600', '090000'),
('090605', 'Laramarca', '090600', '090000'),
('090606', 'Ocoyo', '090600', '090000'),
('090607', 'Pilpichaca', '090600', '090000'),
('090608', 'Querco', '090600', '090000'),
('090609', 'Quito-Arma', '090600', '090000'),
('090610', 'San Antonio de Cusicancha', '090600', '090000'),
('090611', 'San Francisco de Sangayaico', '090600', '090000'),
('090612', 'San Isidro', '090600', '090000'),
('090613', 'Santiago de Chocorvos', '090600', '090000'),
('090614', 'Santiago de Quirahuara', '090600', '090000'),
('090615', 'Santo Domingo de Capillas', '090600', '090000'),
('090616', 'Tambo', '090600', '090000'),
('090701', 'Pampas', '090700', '090000'),
('090702', 'Acostambo', '090700', '090000'),
('090703', 'Acraquia', '090700', '090000'),
('090704', 'Ahuaycha', '090700', '090000'),
('090705', 'Colcabamba', '090700', '090000'),
('090706', 'Daniel Hernández', '090700', '090000'),
('090707', 'Huachocolpa', '090700', '090000'),
('090709', 'Huaribamba', '090700', '090000'),
('090710', 'Ñahuimpuquio', '090700', '090000'),
('090711', 'Pazos', '090700', '090000'),
('090713', 'Quishuar', '090700', '090000'),
('090714', 'Salcabamba', '090700', '090000'),
('090715', 'Salcahuasi', '090700', '090000'),
('090716', 'San Marcos de Rocchac', '090700', '090000'),
('090717', 'Surcubamba', '090700', '090000'),
('090718', 'Tintay Puncu', '090700', '090000'),
('090719', 'Quichuas', '090700', '090000'),
('090720', 'Andaymarca', '090700', '090000'),
('090721', 'Roble', '090700', '090000'),
('090722', 'Pichos', '090700', '090000'),
('090723', 'Santiago de Tucuma', '090700', '090000'),
('100101', 'Huanuco', '100100', '100000'),
('100102', 'Amarilis', '100100', '100000'),
('100103', 'Chinchao', '100100', '100000'),
('100104', 'Churubamba', '100100', '100000'),
('100105', 'Margos', '100100', '100000'),
('100106', 'Quisqui (Kichki)', '100100', '100000'),
('100107', 'San Francisco de Cayran', '100100', '100000'),
('100108', 'San Pedro de Chaulan', '100100', '100000'),
('100109', 'Santa María del Valle', '100100', '100000'),
('100110', 'Yarumayo', '100100', '100000'),
('100111', 'Pillco Marca', '100100', '100000'),
('100112', 'Yacus', '100100', '100000'),
('100113', 'San Pablo de Pillao', '100100', '100000'),
('100201', 'Ambo', '100200', '100000'),
('100202', 'Cayna', '100200', '100000'),
('100203', 'Colpas', '100200', '100000'),
('100204', 'Conchamarca', '100200', '100000'),
('100205', 'Huacar', '100200', '100000'),
('100206', 'San Francisco', '100200', '100000'),
('100207', 'San Rafael', '100200', '100000'),
('100208', 'Tomay Kichwa', '100200', '100000'),
('100301', 'La Unión', '100300', '100000'),
('100307', 'Chuquis', '100300', '100000'),
('100311', 'Marías', '100300', '100000'),
('100313', 'Pachas', '100300', '100000'),
('100316', 'Quivilla', '100300', '100000'),
('100317', 'Ripan', '100300', '100000'),
('100321', 'Shunqui', '100300', '100000'),
('100322', 'Sillapata', '100300', '100000'),
('100323', 'Yanas', '100300', '100000'),
('100401', 'Huacaybamba', '100400', '100000'),
('100402', 'Canchabamba', '100400', '100000'),
('100403', 'Cochabamba', '100400', '100000'),
('100404', 'Pinra', '100400', '100000'),
('100501', 'Llata', '100500', '100000'),
('100502', 'Arancay', '100500', '100000'),
('100503', 'Chavín de Pariarca', '100500', '100000'),
('100504', 'Jacas Grande', '100500', '100000'),
('100505', 'Jircan', '100500', '100000'),
('100506', 'Miraflores', '100500', '100000'),
('100507', 'Monzón', '100500', '100000'),
('100508', 'Punchao', '100500', '100000'),
('100509', 'Puños', '100500', '100000'),
('100510', 'Singa', '100500', '100000'),
('100511', 'Tantamayo', '100500', '100000'),
('100601', 'Rupa-Rupa', '100600', '100000'),
('100602', 'Daniel Alomía Robles', '100600', '100000'),
('100603', 'Hermílio Valdizan', '100600', '100000'),
('100604', 'José Crespo y Castillo', '100600', '100000'),
('100605', 'Luyando', '100600', '100000'),
('100606', 'Mariano Damaso Beraun', '100600', '100000'),
('100607', 'Pucayacu', '100600', '100000'),
('100608', 'Castillo Grande', '100600', '100000'),
('100609', 'Pueblo Nuevo', '100600', '100000'),
('100610', 'Santo Domingo de Anda', '100600', '100000'),
('100701', 'Huacrachuco', '100700', '100000'),
('100702', 'Cholon', '100700', '100000'),
('100703', 'San Buenaventura', '100700', '100000'),
('100704', 'La Morada', '100700', '100000'),
('100705', 'Santa Rosa de Alto Yanajanca', '100700', '100000'),
('100801', 'Panao', '100800', '100000'),
('100802', 'Chaglla', '100800', '100000'),
('100803', 'Molino', '100800', '100000'),
('100804', 'Umari', '100800', '100000'),
('100901', 'Puerto Inca', '100900', '100000'),
('100902', 'Codo del Pozuzo', '100900', '100000'),
('100903', 'Honoria', '100900', '100000'),
('100904', 'Tournavista', '100900', '100000'),
('100905', 'Yuyapichis', '100900', '100000'),
('101001', 'Jesús', '101000', '100000'),
('101002', 'Baños', '101000', '100000'),
('101003', 'Jivia', '101000', '100000'),
('101004', 'Queropalca', '101000', '100000'),
('101005', 'Rondos', '101000', '100000'),
('101006', 'San Francisco de Asís', '101000', '100000'),
('101007', 'San Miguel de Cauri', '101000', '100000'),
('101101', 'Chavinillo', '101100', '100000'),
('101102', 'Cahuac', '101100', '100000'),
('101103', 'Chacabamba', '101100', '100000'),
('101104', 'Aparicio Pomares', '101100', '100000'),
('101105', 'Jacas Chico', '101100', '100000'),
('101106', 'Obas', '101100', '100000'),
('101107', 'Pampamarca', '101100', '100000'),
('101108', 'Choras', '101100', '100000'),
('110101', 'Ica', '110100', '110000'),
('110102', 'La Tinguiña', '110100', '110000'),
('110103', 'Los Aquijes', '110100', '110000'),
('110104', 'Ocucaje', '110100', '110000'),
('110105', 'Pachacutec', '110100', '110000'),
('110106', 'Parcona', '110100', '110000'),
('110107', 'Pueblo Nuevo', '110100', '110000'),
('110108', 'Salas', '110100', '110000'),
('110109', 'San José de Los Molinos', '110100', '110000'),
('110110', 'San Juan Bautista', '110100', '110000'),
('110111', 'Santiago', '110100', '110000'),
('110112', 'Subtanjalla', '110100', '110000'),
('110113', 'Tate', '110100', '110000'),
('110114', 'Yauca del Rosario', '110100', '110000'),
('110201', 'Chincha Alta', '110200', '110000'),
('110202', 'Alto Laran', '110200', '110000'),
('110203', 'Chavin', '110200', '110000'),
('110204', 'Chincha Baja', '110200', '110000'),
('110205', 'El Carmen', '110200', '110000'),
('110206', 'Grocio Prado', '110200', '110000'),
('110207', 'Pueblo Nuevo', '110200', '110000'),
('110208', 'San Juan de Yanac', '110200', '110000'),
('110209', 'San Pedro de Huacarpana', '110200', '110000'),
('110210', 'Sunampe', '110200', '110000'),
('110211', 'Tambo de Mora', '110200', '110000'),
('110301', 'Nasca', '110300', '110000'),
('110302', 'Changuillo', '110300', '110000'),
('110303', 'El Ingenio', '110300', '110000'),
('110304', 'Marcona', '110300', '110000'),
('110305', 'Vista Alegre', '110300', '110000'),
('110401', 'Palpa', '110400', '110000'),
('110402', 'Llipata', '110400', '110000'),
('110403', 'Río Grande', '110400', '110000'),
('110404', 'Santa Cruz', '110400', '110000'),
('110405', 'Tibillo', '110400', '110000'),
('110501', 'Pisco', '110500', '110000'),
('110502', 'Huancano', '110500', '110000'),
('110503', 'Humay', '110500', '110000'),
('110504', 'Independencia', '110500', '110000'),
('110505', 'Paracas', '110500', '110000'),
('110506', 'San Andrés', '110500', '110000'),
('110507', 'San Clemente', '110500', '110000'),
('110508', 'Tupac Amaru Inca', '110500', '110000'),
('120101', 'Huancayo', '120100', '120000'),
('120104', 'Carhuacallanga', '120100', '120000'),
('120105', 'Chacapampa', '120100', '120000'),
('120106', 'Chicche', '120100', '120000'),
('120107', 'Chilca', '120100', '120000'),
('120108', 'Chongos Alto', '120100', '120000'),
('120111', 'Chupuro', '120100', '120000'),
('120112', 'Colca', '120100', '120000'),
('120113', 'Cullhuas', '120100', '120000'),
('120114', 'El Tambo', '120100', '120000'),
('120116', 'Huacrapuquio', '120100', '120000'),
('120117', 'Hualhuas', '120100', '120000'),
('120119', 'Huancan', '120100', '120000'),
('120120', 'Huasicancha', '120100', '120000'),
('120121', 'Huayucachi', '120100', '120000'),
('120122', 'Ingenio', '120100', '120000'),
('120124', 'Pariahuanca', '120100', '120000'),
('120125', 'Pilcomayo', '120100', '120000'),
('120126', 'Pucara', '120100', '120000'),
('120127', 'Quichuay', '120100', '120000'),
('120128', 'Quilcas', '120100', '120000'),
('120129', 'San Agustín', '120100', '120000'),
('120130', 'San Jerónimo de Tunan', '120100', '120000'),
('120132', 'Saño', '120100', '120000'),
('120133', 'Sapallanga', '120100', '120000'),
('120134', 'Sicaya', '120100', '120000'),
('120135', 'Santo Domingo de Acobamba', '120100', '120000'),
('120136', 'Viques', '120100', '120000'),
('120201', 'Concepción', '120200', '120000'),
('120202', 'Aco', '120200', '120000'),
('120203', 'Andamarca', '120200', '120000'),
('120204', 'Chambara', '120200', '120000'),
('120205', 'Cochas', '120200', '120000'),
('120206', 'Comas', '120200', '120000'),
('120207', 'Heroínas Toledo', '120200', '120000'),
('120208', 'Manzanares', '120200', '120000'),
('120209', 'Mariscal Castilla', '120200', '120000'),
('120210', 'Matahuasi', '120200', '120000'),
('120211', 'Mito', '120200', '120000'),
('120212', 'Nueve de Julio', '120200', '120000'),
('120213', 'Orcotuna', '120200', '120000'),
('120214', 'San José de Quero', '120200', '120000'),
('120215', 'Santa Rosa de Ocopa', '120200', '120000'),
('120301', 'Chanchamayo', '120300', '120000'),
('120302', 'Perene', '120300', '120000'),
('120303', 'Pichanaqui', '120300', '120000'),
('120304', 'San Luis de Shuaro', '120300', '120000'),
('120305', 'San Ramón', '120300', '120000'),
('120306', 'Vitoc', '120300', '120000'),
('120401', 'Jauja', '120400', '120000'),
('120402', 'Acolla', '120400', '120000'),
('120403', 'Apata', '120400', '120000'),
('120404', 'Ataura', '120400', '120000'),
('120405', 'Canchayllo', '120400', '120000'),
('120406', 'Curicaca', '120400', '120000'),
('120407', 'El Mantaro', '120400', '120000'),
('120408', 'Huamali', '120400', '120000'),
('120409', 'Huaripampa', '120400', '120000'),
('120410', 'Huertas', '120400', '120000'),
('120411', 'Janjaillo', '120400', '120000'),
('120412', 'Julcán', '120400', '120000'),
('120413', 'Leonor Ordóñez', '120400', '120000'),
('120414', 'Llocllapampa', '120400', '120000'),
('120415', 'Marco', '120400', '120000'),
('120416', 'Masma', '120400', '120000'),
('120417', 'Masma Chicche', '120400', '120000'),
('120418', 'Molinos', '120400', '120000'),
('120419', 'Monobamba', '120400', '120000'),
('120420', 'Muqui', '120400', '120000'),
('120421', 'Muquiyauyo', '120400', '120000'),
('120422', 'Paca', '120400', '120000'),
('120423', 'Paccha', '120400', '120000'),
('120424', 'Pancan', '120400', '120000'),
('120425', 'Parco', '120400', '120000'),
('120426', 'Pomacancha', '120400', '120000'),
('120427', 'Ricran', '120400', '120000'),
('120428', 'San Lorenzo', '120400', '120000'),
('120429', 'San Pedro de Chunan', '120400', '120000'),
('120430', 'Sausa', '120400', '120000'),
('120431', 'Sincos', '120400', '120000'),
('120432', 'Tunan Marca', '120400', '120000'),
('120433', 'Yauli', '120400', '120000'),
('120434', 'Yauyos', '120400', '120000'),
('120501', 'Junin', '120500', '120000'),
('120502', 'Carhuamayo', '120500', '120000'),
('120503', 'Ondores', '120500', '120000'),
('120504', 'Ulcumayo', '120500', '120000'),
('120601', 'Satipo', '120600', '120000'),
('120602', 'Coviriali', '120600', '120000'),
('120603', 'Llaylla', '120600', '120000'),
('120604', 'Mazamari', '120600', '120000'),
('120605', 'Pampa Hermosa', '120600', '120000'),
('120606', 'Pangoa', '120600', '120000'),
('120607', 'Río Negro', '120600', '120000'),
('120608', 'Río Tambo', '120600', '120000'),
('120609', 'Vizcatan del Ene', '120600', '120000'),
('120701', 'Tarma', '120700', '120000'),
('120702', 'Acobamba', '120700', '120000'),
('120703', 'Huaricolca', '120700', '120000'),
('120704', 'Huasahuasi', '120700', '120000'),
('120705', 'La Unión', '120700', '120000'),
('120706', 'Palca', '120700', '120000'),
('120707', 'Palcamayo', '120700', '120000'),
('120708', 'San Pedro de Cajas', '120700', '120000'),
('120709', 'Tapo', '120700', '120000'),
('120801', 'La Oroya', '120800', '120000'),
('120802', 'Chacapalpa', '120800', '120000'),
('120803', 'Huay-Huay', '120800', '120000'),
('120804', 'Marcapomacocha', '120800', '120000'),
('120805', 'Morococha', '120800', '120000'),
('120806', 'Paccha', '120800', '120000'),
('120807', 'Santa Bárbara de Carhuacayan', '120800', '120000'),
('120808', 'Santa Rosa de Sacco', '120800', '120000'),
('120809', 'Suitucancha', '120800', '120000'),
('120810', 'Yauli', '120800', '120000'),
('120901', 'Chupaca', '120900', '120000'),
('120902', 'Ahuac', '120900', '120000'),
('120903', 'Chongos Bajo', '120900', '120000'),
('120904', 'Huachac', '120900', '120000'),
('120905', 'Huamancaca Chico', '120900', '120000'),
('120906', 'San Juan de Iscos', '120900', '120000'),
('120907', 'San Juan de Jarpa', '120900', '120000'),
('120908', 'Tres de Diciembre', '120900', '120000'),
('120909', 'Yanacancha', '120900', '120000'),
('130101', 'Trujillo', '130100', '130000'),
('130102', 'El Porvenir', '130100', '130000'),
('130103', 'Florencia de Mora', '130100', '130000'),
('130104', 'Huanchaco', '130100', '130000'),
('130105', 'La Esperanza', '130100', '130000'),
('130106', 'Laredo', '130100', '130000'),
('130107', 'Moche', '130100', '130000'),
('130108', 'Poroto', '130100', '130000'),
('130109', 'Salaverry', '130100', '130000'),
('130110', 'Simbal', '130100', '130000'),
('130111', 'Víctor Larco Herrera', '130100', '130000'),
('130201', 'Ascope', '130200', '130000'),
('130202', 'Chicama', '130200', '130000'),
('130203', 'Chocope', '130200', '130000'),
('130204', 'Magdalena de Cao', '130200', '130000'),
('130205', 'Paijan', '130200', '130000'),
('130206', 'Rázuri', '130200', '130000'),
('130207', 'Santiago de Cao', '130200', '130000'),
('130208', 'Casa Grande', '130200', '130000'),
('130301', 'Bolívar', '130300', '130000'),
('130302', 'Bambamarca', '130300', '130000'),
('130303', 'Condormarca', '130300', '130000'),
('130304', 'Longotea', '130300', '130000'),
('130305', 'Uchumarca', '130300', '130000'),
('130306', 'Ucuncha', '130300', '130000'),
('130401', 'Chepen', '130400', '130000'),
('130402', 'Pacanga', '130400', '130000'),
('130403', 'Pueblo Nuevo', '130400', '130000'),
('130501', 'Julcan', '130500', '130000'),
('130502', 'Calamarca', '130500', '130000'),
('130503', 'Carabamba', '130500', '130000'),
('130504', 'Huaso', '130500', '130000'),
('130601', 'Otuzco', '130600', '130000'),
('130602', 'Agallpampa', '130600', '130000'),
('130604', 'Charat', '130600', '130000'),
('130605', 'Huaranchal', '130600', '130000'),
('130606', 'La Cuesta', '130600', '130000'),
('130608', 'Mache', '130600', '130000'),
('130610', 'Paranday', '130600', '130000'),
('130611', 'Salpo', '130600', '130000'),
('130613', 'Sinsicap', '130600', '130000'),
('130614', 'Usquil', '130600', '130000'),
('130701', 'San Pedro de Lloc', '130700', '130000'),
('130702', 'Guadalupe', '130700', '130000'),
('130703', 'Jequetepeque', '130700', '130000'),
('130704', 'Pacasmayo', '130700', '130000'),
('130705', 'San José', '130700', '130000'),
('130801', 'Tayabamba', '130800', '130000'),
('130802', 'Buldibuyo', '130800', '130000'),
('130803', 'Chillia', '130800', '130000'),
('130804', 'Huancaspata', '130800', '130000'),
('130805', 'Huaylillas', '130800', '130000'),
('130806', 'Huayo', '130800', '130000'),
('130807', 'Ongon', '130800', '130000'),
('130808', 'Parcoy', '130800', '130000'),
('130809', 'Pataz', '130800', '130000'),
('130810', 'Pias', '130800', '130000'),
('130811', 'Santiago de Challas', '130800', '130000'),
('130812', 'Taurija', '130800', '130000'),
('130813', 'Urpay', '130800', '130000'),
('130901', 'Huamachuco', '130900', '130000'),
('130902', 'Chugay', '130900', '130000'),
('130903', 'Cochorco', '130900', '130000'),
('130904', 'Curgos', '130900', '130000'),
('130905', 'Marcabal', '130900', '130000'),
('130906', 'Sanagoran', '130900', '130000'),
('130907', 'Sarin', '130900', '130000'),
('130908', 'Sartimbamba', '130900', '130000'),
('131001', 'Santiago de Chuco', '131000', '130000'),
('131002', 'Angasmarca', '131000', '130000'),
('131003', 'Cachicadan', '131000', '130000'),
('131004', 'Mollebamba', '131000', '130000'),
('131005', 'Mollepata', '131000', '130000'),
('131006', 'Quiruvilca', '131000', '130000'),
('131007', 'Santa Cruz de Chuca', '131000', '130000'),
('131008', 'Sitabamba', '131000', '130000'),
('131101', 'Cascas', '131100', '130000'),
('131102', 'Lucma', '131100', '130000'),
('131103', 'Marmot', '131100', '130000'),
('131104', 'Sayapullo', '131100', '130000'),
('131201', 'Viru', '131200', '130000'),
('131202', 'Chao', '131200', '130000'),
('131203', 'Guadalupito', '131200', '130000'),
('140101', 'Chiclayo', '140100', '140000'),
('140102', 'Chongoyape', '140100', '140000'),
('140103', 'Eten', '140100', '140000'),
('140104', 'Eten Puerto', '140100', '140000'),
('140105', 'José Leonardo Ortiz', '140100', '140000'),
('140106', 'La Victoria', '140100', '140000'),
('140107', 'Lagunas', '140100', '140000'),
('140108', 'Monsefu', '140100', '140000'),
('140109', 'Nueva Arica', '140100', '140000'),
('140110', 'Oyotun', '140100', '140000'),
('140111', 'Picsi', '140100', '140000'),
('140112', 'Pimentel', '140100', '140000'),
('140113', 'Reque', '140100', '140000'),
('140114', 'Santa Rosa', '140100', '140000'),
('140115', 'Saña', '140100', '140000'),
('140116', 'Cayalti', '140100', '140000'),
('140117', 'Patapo', '140100', '140000'),
('140118', 'Pomalca', '140100', '140000'),
('140119', 'Pucala', '140100', '140000'),
('140120', 'Tuman', '140100', '140000'),
('140201', 'Ferreñafe', '140200', '140000'),
('140202', 'Cañaris', '140200', '140000'),
('140203', 'Incahuasi', '140200', '140000'),
('140204', 'Manuel Antonio Mesones Muro', '140200', '140000'),
('140205', 'Pitipo', '140200', '140000'),
('140206', 'Pueblo Nuevo', '140200', '140000'),
('140301', 'Lambayeque', '140300', '140000'),
('140302', 'Chochope', '140300', '140000'),
('140303', 'Illimo', '140300', '140000'),
('140304', 'Jayanca', '140300', '140000'),
('140305', 'Mochumi', '140300', '140000'),
('140306', 'Morrope', '140300', '140000'),
('140307', 'Motupe', '140300', '140000'),
('140308', 'Olmos', '140300', '140000'),
('140309', 'Pacora', '140300', '140000'),
('140310', 'Salas', '140300', '140000'),
('140311', 'San José', '140300', '140000'),
('140312', 'Tucume', '140300', '140000'),
('150101', 'Lima', '150100', '150000'),
('150102', 'Ancón', '150100', '150000'),
('150103', 'Ate', '150100', '150000'),
('150104', 'Barranco', '150100', '150000'),
('150105', 'Breña', '150100', '150000'),
('150106', 'Carabayllo', '150100', '150000'),
('150107', 'Chaclacayo', '150100', '150000'),
('150108', 'Chorrillos', '150100', '150000'),
('150109', 'Cieneguilla', '150100', '150000'),
('150110', 'Comas', '150100', '150000'),
('150111', 'El Agustino', '150100', '150000'),
('150112', 'Independencia', '150100', '150000'),
('150113', 'Jesús María', '150100', '150000'),
('150114', 'La Molina', '150100', '150000'),
('150115', 'La Victoria', '150100', '150000'),
('150116', 'Lince', '150100', '150000'),
('150117', 'Los Olivos', '150100', '150000'),
('150118', 'Lurigancho', '150100', '150000'),
('150119', 'Lurin', '150100', '150000'),
('150120', 'Magdalena del Mar', '150100', '150000'),
('150121', 'Pueblo Libre', '150100', '150000'),
('150122', 'Miraflores', '150100', '150000'),
('150123', 'Pachacamac', '150100', '150000'),
('150124', 'Pucusana', '150100', '150000'),
('150125', 'Puente Piedra', '150100', '150000'),
('150126', 'Punta Hermosa', '150100', '150000'),
('150127', 'Punta Negra', '150100', '150000'),
('150128', 'Rímac', '150100', '150000'),
('150129', 'San Bartolo', '150100', '150000'),
('150130', 'San Borja', '150100', '150000'),
('150131', 'San Isidro', '150100', '150000'),
('150132', 'San Juan de Lurigancho', '150100', '150000'),
('150133', 'San Juan de Miraflores', '150100', '150000'),
('150134', 'San Luis', '150100', '150000'),
('150135', 'San Martín de Porres', '150100', '150000'),
('150136', 'San Miguel', '150100', '150000'),
('150137', 'Santa Anita', '150100', '150000'),
('150138', 'Santa María del Mar', '150100', '150000'),
('150139', 'Santa Rosa', '150100', '150000'),
('150140', 'Santiago de Surco', '150100', '150000'),
('150141', 'Surquillo', '150100', '150000'),
('150142', 'Villa El Salvador', '150100', '150000'),
('150143', 'Villa María del Triunfo', '150100', '150000'),
('150201', 'Barranca', '150200', '150000'),
('150202', 'Paramonga', '150200', '150000'),
('150203', 'Pativilca', '150200', '150000'),
('150204', 'Supe', '150200', '150000'),
('150205', 'Supe Puerto', '150200', '150000'),
('150301', 'Cajatambo', '150300', '150000'),
('150302', 'Copa', '150300', '150000'),
('150303', 'Gorgor', '150300', '150000'),
('150304', 'Huancapon', '150300', '150000'),
('150305', 'Manas', '150300', '150000'),
('150401', 'Canta', '150400', '150000'),
('150402', 'Arahuay', '150400', '150000'),
('150403', 'Huamantanga', '150400', '150000'),
('150404', 'Huaros', '150400', '150000'),
('150405', 'Lachaqui', '150400', '150000'),
('150406', 'San Buenaventura', '150400', '150000'),
('150407', 'Santa Rosa de Quives', '150400', '150000'),
('150501', 'San Vicente de Cañete', '150500', '150000'),
('150502', 'Asia', '150500', '150000'),
('150503', 'Calango', '150500', '150000'),
('150504', 'Cerro Azul', '150500', '150000'),
('150505', 'Chilca', '150500', '150000'),
('150506', 'Coayllo', '150500', '150000'),
('150507', 'Imperial', '150500', '150000'),
('150508', 'Lunahuana', '150500', '150000'),
('150509', 'Mala', '150500', '150000'),
('150510', 'Nuevo Imperial', '150500', '150000'),
('150511', 'Pacaran', '150500', '150000'),
('150512', 'Quilmana', '150500', '150000'),
('150513', 'San Antonio', '150500', '150000'),
('150514', 'San Luis', '150500', '150000'),
('150515', 'Santa Cruz de Flores', '150500', '150000'),
('150516', 'Zúñiga', '150500', '150000'),
('150601', 'Huaral', '150600', '150000'),
('150602', 'Atavillos Alto', '150600', '150000'),
('150603', 'Atavillos Bajo', '150600', '150000'),
('150604', 'Aucallama', '150600', '150000'),
('150605', 'Chancay', '150600', '150000'),
('150606', 'Ihuari', '150600', '150000'),
('150607', 'Lampian', '150600', '150000'),
('150608', 'Pacaraos', '150600', '150000'),
('150609', 'San Miguel de Acos', '150600', '150000'),
('150610', 'Santa Cruz de Andamarca', '150600', '150000'),
('150611', 'Sumbilca', '150600', '150000'),
('150612', 'Veintisiete de Noviembre', '150600', '150000'),
('150701', 'Matucana', '150700', '150000'),
('150702', 'Antioquia', '150700', '150000'),
('150703', 'Callahuanca', '150700', '150000'),
('150704', 'Carampoma', '150700', '150000'),
('150705', 'Chicla', '150700', '150000'),
('150706', 'Cuenca', '150700', '150000'),
('150707', 'Huachupampa', '150700', '150000'),
('150708', 'Huanza', '150700', '150000'),
('150709', 'Huarochiri', '150700', '150000'),
('150710', 'Lahuaytambo', '150700', '150000'),
('150711', 'Langa', '150700', '150000'),
('150712', 'Laraos', '150700', '150000'),
('150713', 'Mariatana', '150700', '150000'),
('150714', 'Ricardo Palma', '150700', '150000'),
('150715', 'San Andrés de Tupicocha', '150700', '150000'),
('150716', 'San Antonio', '150700', '150000'),
('150717', 'San Bartolomé', '150700', '150000'),
('150718', 'San Damian', '150700', '150000'),
('150719', 'San Juan de Iris', '150700', '150000'),
('150720', 'San Juan de Tantaranche', '150700', '150000'),
('150721', 'San Lorenzo de Quinti', '150700', '150000'),
('150722', 'San Mateo', '150700', '150000'),
('150723', 'San Mateo de Otao', '150700', '150000'),
('150724', 'San Pedro de Casta', '150700', '150000'),
('150725', 'San Pedro de Huancayre', '150700', '150000'),
('150726', 'Sangallaya', '150700', '150000'),
('150727', 'Santa Cruz de Cocachacra', '150700', '150000'),
('150728', 'Santa Eulalia', '150700', '150000'),
('150729', 'Santiago de Anchucaya', '150700', '150000'),
('150730', 'Santiago de Tuna', '150700', '150000'),
('150731', 'Santo Domingo de Los Olleros', '150700', '150000'),
('150732', 'Surco', '150700', '150000'),
('150801', 'Huacho', '150800', '150000'),
('150802', 'Ambar', '150800', '150000'),
('150803', 'Caleta de Carquin', '150800', '150000'),
('150804', 'Checras', '150800', '150000'),
('150805', 'Hualmay', '150800', '150000'),
('150806', 'Huaura', '150800', '150000'),
('150807', 'Leoncio Prado', '150800', '150000'),
('150808', 'Paccho', '150800', '150000'),
('150809', 'Santa Leonor', '150800', '150000'),
('150810', 'Santa María', '150800', '150000'),
('150811', 'Sayan', '150800', '150000'),
('150812', 'Vegueta', '150800', '150000'),
('150901', 'Oyon', '150900', '150000'),
('150902', 'Andajes', '150900', '150000'),
('150903', 'Caujul', '150900', '150000'),
('150904', 'Cochamarca', '150900', '150000'),
('150905', 'Navan', '150900', '150000'),
('150906', 'Pachangara', '150900', '150000'),
('151001', 'Yauyos', '151000', '150000'),
('151002', 'Alis', '151000', '150000'),
('151003', 'Allauca', '151000', '150000'),
('151004', 'Ayaviri', '151000', '150000'),
('151005', 'Azángaro', '151000', '150000'),
('151006', 'Cacra', '151000', '150000'),
('151007', 'Carania', '151000', '150000'),
('151008', 'Catahuasi', '151000', '150000'),
('151009', 'Chocos', '151000', '150000'),
('151010', 'Cochas', '151000', '150000'),
('151011', 'Colonia', '151000', '150000'),
('151012', 'Hongos', '151000', '150000'),
('151013', 'Huampara', '151000', '150000'),
('151014', 'Huancaya', '151000', '150000'),
('151015', 'Huangascar', '151000', '150000'),
('151016', 'Huantan', '151000', '150000'),
('151017', 'Huañec', '151000', '150000'),
('151018', 'Laraos', '151000', '150000'),
('151019', 'Lincha', '151000', '150000'),
('151020', 'Madean', '151000', '150000'),
('151021', 'Miraflores', '151000', '150000'),
('151022', 'Omas', '151000', '150000'),
('151023', 'Putinza', '151000', '150000'),
('151024', 'Quinches', '151000', '150000'),
('151025', 'Quinocay', '151000', '150000'),
('151026', 'San Joaquín', '151000', '150000'),
('151027', 'San Pedro de Pilas', '151000', '150000'),
('151028', 'Tanta', '151000', '150000'),
('151029', 'Tauripampa', '151000', '150000'),
('151030', 'Tomas', '151000', '150000'),
('151031', 'Tupe', '151000', '150000'),
('151032', 'Viñac', '151000', '150000'),
('151033', 'Vitis', '151000', '150000'),
('160101', 'Iquitos', '160100', '160000'),
('160102', 'Alto Nanay', '160100', '160000'),
('160103', 'Fernando Lores', '160100', '160000'),
('160104', 'Indiana', '160100', '160000'),
('160105', 'Las Amazonas', '160100', '160000'),
('160106', 'Mazan', '160100', '160000'),
('160107', 'Napo', '160100', '160000'),
('160108', 'Punchana', '160100', '160000'),
('160110', 'Torres Causana', '160100', '160000'),
('160112', 'Belén', '160100', '160000'),
('160113', 'San Juan Bautista', '160100', '160000'),
('160201', 'Yurimaguas', '160200', '160000'),
('160202', 'Balsapuerto', '160200', '160000'),
('160205', 'Jeberos', '160200', '160000'),
('160206', 'Lagunas', '160200', '160000'),
('160210', 'Santa Cruz', '160200', '160000'),
('160211', 'Teniente Cesar López Rojas', '160200', '160000'),
('160301', 'Nauta', '160300', '160000'),
('160302', 'Parinari', '160300', '160000'),
('160303', 'Tigre', '160300', '160000'),
('160304', 'Trompeteros', '160300', '160000'),
('160305', 'Urarinas', '160300', '160000'),
('160401', 'Ramón Castilla', '160400', '160000'),
('160402', 'Pebas', '160400', '160000'),
('160403', 'Yavari', '160400', '160000'),
('160404', 'San Pablo', '160400', '160000'),
('160501', 'Requena', '160500', '160000'),
('160502', 'Alto Tapiche', '160500', '160000'),
('160503', 'Capelo', '160500', '160000'),
('160504', 'Emilio San Martín', '160500', '160000'),
('160505', 'Maquia', '160500', '160000'),
('160506', 'Puinahua', '160500', '160000'),
('160507', 'Saquena', '160500', '160000'),
('160508', 'Soplin', '160500', '160000'),
('160509', 'Tapiche', '160500', '160000'),
('160510', 'Jenaro Herrera', '160500', '160000'),
('160511', 'Yaquerana', '160500', '160000'),
('160601', 'Contamana', '160600', '160000'),
('160602', 'Inahuaya', '160600', '160000'),
('160603', 'Padre Márquez', '160600', '160000'),
('160604', 'Pampa Hermosa', '160600', '160000'),
('160605', 'Sarayacu', '160600', '160000'),
('160606', 'Vargas Guerra', '160600', '160000'),
('160701', 'Barranca', '160700', '160000'),
('160702', 'Cahuapanas', '160700', '160000'),
('160703', 'Manseriche', '160700', '160000'),
('160704', 'Morona', '160700', '160000'),
('160705', 'Pastaza', '160700', '160000'),
('160706', 'Andoas', '160700', '160000'),
('160801', 'Putumayo', '160800', '160000'),
('160802', 'Rosa Panduro', '160800', '160000'),
('160803', 'Teniente Manuel Clavero', '160800', '160000'),
('160804', 'Yaguas', '160800', '160000'),
('170101', 'Tambopata', '170100', '170000'),
('170102', 'Inambari', '170100', '170000'),
('170103', 'Las Piedras', '170100', '170000'),
('170104', 'Laberinto', '170100', '170000'),
('170201', 'Manu', '170200', '170000'),
('170202', 'Fitzcarrald', '170200', '170000'),
('170203', 'Madre de Dios', '170200', '170000'),
('170204', 'Huepetuhe', '170200', '170000'),
('170301', 'Iñapari', '170300', '170000'),
('170302', 'Iberia', '170300', '170000'),
('170303', 'Tahuamanu', '170300', '170000'),
('180101', 'Moquegua', '180100', '180000'),
('180102', 'Carumas', '180100', '180000'),
('180103', 'Cuchumbaya', '180100', '180000'),
('180104', 'Samegua', '180100', '180000'),
('180105', 'San Cristóbal', '180100', '180000'),
('180106', 'Torata', '180100', '180000'),
('180201', 'Omate', '180200', '180000'),
('180202', 'Chojata', '180200', '180000'),
('180203', 'Coalaque', '180200', '180000'),
('180204', 'Ichuña', '180200', '180000'),
('180205', 'La Capilla', '180200', '180000'),
('180206', 'Lloque', '180200', '180000'),
('180207', 'Matalaque', '180200', '180000'),
('180208', 'Puquina', '180200', '180000'),
('180209', 'Quinistaquillas', '180200', '180000'),
('180210', 'Ubinas', '180200', '180000'),
('180211', 'Yunga', '180200', '180000'),
('180301', 'Ilo', '180300', '180000'),
('180302', 'El Algarrobal', '180300', '180000'),
('180303', 'Pacocha', '180300', '180000'),
('190101', 'Chaupimarca', '190100', '190000'),
('190102', 'Huachon', '190100', '190000'),
('190103', 'Huariaca', '190100', '190000'),
('190104', 'Huayllay', '190100', '190000'),
('190105', 'Ninacaca', '190100', '190000'),
('190106', 'Pallanchacra', '190100', '190000'),
('190107', 'Paucartambo', '190100', '190000'),
('190108', 'San Francisco de Asís de Yarusyacan', '190100', '190000'),
('190109', 'Simon Bolívar', '190100', '190000'),
('190110', 'Ticlacayan', '190100', '190000'),
('190111', 'Tinyahuarco', '190100', '190000'),
('190112', 'Vicco', '190100', '190000'),
('190113', 'Yanacancha', '190100', '190000'),
('190201', 'Yanahuanca', '190200', '190000'),
('190202', 'Chacayan', '190200', '190000'),
('190203', 'Goyllarisquizga', '190200', '190000'),
('190204', 'Paucar', '190200', '190000'),
('190205', 'San Pedro de Pillao', '190200', '190000'),
('190206', 'Santa Ana de Tusi', '190200', '190000'),
('190207', 'Tapuc', '190200', '190000'),
('190208', 'Vilcabamba', '190200', '190000'),
('190301', 'Oxapampa', '190300', '190000'),
('190302', 'Chontabamba', '190300', '190000'),
('190303', 'Huancabamba', '190300', '190000'),
('190304', 'Palcazu', '190300', '190000'),
('190305', 'Pozuzo', '190300', '190000'),
('190306', 'Puerto Bermúdez', '190300', '190000'),
('190307', 'Villa Rica', '190300', '190000'),
('190308', 'Constitución', '190300', '190000'),
('200101', 'Piura', '200100', '200000'),
('200104', 'Castilla', '200100', '200000'),
('200105', 'Catacaos', '200100', '200000'),
('200107', 'Cura Mori', '200100', '200000'),
('200108', 'El Tallan', '200100', '200000'),
('200109', 'La Arena', '200100', '200000'),
('200110', 'La Unión', '200100', '200000'),
('200111', 'Las Lomas', '200100', '200000'),
('200114', 'Tambo Grande', '200100', '200000'),
('200115', 'Veintiseis de Octubre', '200100', '200000'),
('200201', 'Ayabaca', '200200', '200000'),
('200202', 'Frias', '200200', '200000'),
('200203', 'Jilili', '200200', '200000'),
('200204', 'Lagunas', '200200', '200000'),
('200205', 'Montero', '200200', '200000'),
('200206', 'Pacaipampa', '200200', '200000'),
('200207', 'Paimas', '200200', '200000'),
('200208', 'Sapillica', '200200', '200000'),
('200209', 'Sicchez', '200200', '200000'),
('200210', 'Suyo', '200200', '200000'),
('200301', 'Huancabamba', '200300', '200000'),
('200302', 'Canchaque', '200300', '200000'),
('200303', 'El Carmen de la Frontera', '200300', '200000'),
('200304', 'Huarmaca', '200300', '200000'),
('200305', 'Lalaquiz', '200300', '200000'),
('200306', 'San Miguel de El Faique', '200300', '200000'),
('200307', 'Sondor', '200300', '200000'),
('200308', 'Sondorillo', '200300', '200000'),
('200401', 'Chulucanas', '200400', '200000'),
('200402', 'Buenos Aires', '200400', '200000'),
('200403', 'Chalaco', '200400', '200000'),
('200404', 'La Matanza', '200400', '200000'),
('200405', 'Morropon', '200400', '200000'),
('200406', 'Salitral', '200400', '200000'),
('200407', 'San Juan de Bigote', '200400', '200000'),
('200408', 'Santa Catalina de Mossa', '200400', '200000'),
('200409', 'Santo Domingo', '200400', '200000'),
('200410', 'Yamango', '200400', '200000'),
('200501', 'Paita', '200500', '200000'),
('200502', 'Amotape', '200500', '200000'),
('200503', 'Arenal', '200500', '200000'),
('200504', 'Colan', '200500', '200000'),
('200505', 'La Huaca', '200500', '200000'),
('200506', 'Tamarindo', '200500', '200000'),
('200507', 'Vichayal', '200500', '200000'),
('200601', 'Sullana', '200600', '200000'),
('200602', 'Bellavista', '200600', '200000'),
('200603', 'Ignacio Escudero', '200600', '200000'),
('200604', 'Lancones', '200600', '200000'),
('200605', 'Marcavelica', '200600', '200000'),
('200606', 'Miguel Checa', '200600', '200000'),
('200607', 'Querecotillo', '200600', '200000'),
('200608', 'Salitral', '200600', '200000'),
('200701', 'Pariñas', '200700', '200000'),
('200702', 'El Alto', '200700', '200000'),
('200703', 'La Brea', '200700', '200000'),
('200704', 'Lobitos', '200700', '200000'),
('200705', 'Los Organos', '200700', '200000'),
('200706', 'Mancora', '200700', '200000'),
('200801', 'Sechura', '200800', '200000'),
('200802', 'Bellavista de la Unión', '200800', '200000'),
('200803', 'Bernal', '200800', '200000'),
('200804', 'Cristo Nos Valga', '200800', '200000'),
('200805', 'Vice', '200800', '200000'),
('200806', 'Rinconada Llicuar', '200800', '200000'),
('210101', 'Puno', '210100', '210000'),
('210102', 'Acora', '210100', '210000'),
('210103', 'Amantani', '210100', '210000'),
('210104', 'Atuncolla', '210100', '210000'),
('210105', 'Capachica', '210100', '210000'),
('210106', 'Chucuito', '210100', '210000'),
('210107', 'Coata', '210100', '210000'),
('210108', 'Huata', '210100', '210000'),
('210109', 'Mañazo', '210100', '210000'),
('210110', 'Paucarcolla', '210100', '210000'),
('210111', 'Pichacani', '210100', '210000'),
('210112', 'Plateria', '210100', '210000'),
('210113', 'San Antonio', '210100', '210000'),
('210114', 'Tiquillaca', '210100', '210000'),
('210115', 'Vilque', '210100', '210000'),
('210201', 'Azángaro', '210200', '210000'),
('210202', 'Achaya', '210200', '210000'),
('210203', 'Arapa', '210200', '210000'),
('210204', 'Asillo', '210200', '210000'),
('210205', 'Caminaca', '210200', '210000'),
('210206', 'Chupa', '210200', '210000'),
('210207', 'José Domingo Choquehuanca', '210200', '210000'),
('210208', 'Muñani', '210200', '210000'),
('210209', 'Potoni', '210200', '210000'),
('210210', 'Saman', '210200', '210000'),
('210211', 'San Anton', '210200', '210000'),
('210212', 'San José', '210200', '210000'),
('210213', 'San Juan de Salinas', '210200', '210000'),
('210214', 'Santiago de Pupuja', '210200', '210000'),
('210215', 'Tirapata', '210200', '210000'),
('210301', 'Macusani', '210300', '210000'),
('210302', 'Ajoyani', '210300', '210000'),
('210303', 'Ayapata', '210300', '210000'),
('210304', 'Coasa', '210300', '210000'),
('210305', 'Corani', '210300', '210000'),
('210306', 'Crucero', '210300', '210000'),
('210307', 'Ituata', '210300', '210000'),
('210308', 'Ollachea', '210300', '210000'),
('210309', 'San Gaban', '210300', '210000'),
('210310', 'Usicayos', '210300', '210000'),
('210401', 'Juli', '210400', '210000'),
('210402', 'Desaguadero', '210400', '210000'),
('210403', 'Huacullani', '210400', '210000'),
('210404', 'Kelluyo', '210400', '210000'),
('210405', 'Pisacoma', '210400', '210000'),
('210406', 'Pomata', '210400', '210000'),
('210407', 'Zepita', '210400', '210000'),
('210501', 'Ilave', '210500', '210000'),
('210502', 'Capazo', '210500', '210000'),
('210503', 'Pilcuyo', '210500', '210000'),
('210504', 'Santa Rosa', '210500', '210000'),
('210505', 'Conduriri', '210500', '210000'),
('210601', 'Huancane', '210600', '210000'),
('210602', 'Cojata', '210600', '210000'),
('210603', 'Huatasani', '210600', '210000'),
('210604', 'Inchupalla', '210600', '210000'),
('210605', 'Pusi', '210600', '210000'),
('210606', 'Rosaspata', '210600', '210000'),
('210607', 'Taraco', '210600', '210000'),
('210608', 'Vilque Chico', '210600', '210000'),
('210701', 'Lampa', '210700', '210000'),
('210702', 'Cabanilla', '210700', '210000'),
('210703', 'Calapuja', '210700', '210000'),
('210704', 'Nicasio', '210700', '210000'),
('210705', 'Ocuviri', '210700', '210000'),
('210706', 'Palca', '210700', '210000'),
('210707', 'Paratia', '210700', '210000'),
('210708', 'Pucara', '210700', '210000'),
('210709', 'Santa Lucia', '210700', '210000'),
('210710', 'Vilavila', '210700', '210000'),
('210801', 'Ayaviri', '210800', '210000'),
('210802', 'Antauta', '210800', '210000'),
('210803', 'Cupi', '210800', '210000'),
('210804', 'Llalli', '210800', '210000'),
('210805', 'Macari', '210800', '210000'),
('210806', 'Nuñoa', '210800', '210000'),
('210807', 'Orurillo', '210800', '210000'),
('210808', 'Santa Rosa', '210800', '210000'),
('210809', 'Umachiri', '210800', '210000'),
('210901', 'Moho', '210900', '210000'),
('210902', 'Conima', '210900', '210000'),
('210903', 'Huayrapata', '210900', '210000'),
('210904', 'Tilali', '210900', '210000'),
('211001', 'Putina', '211000', '210000'),
('211002', 'Ananea', '211000', '210000'),
('211003', 'Pedro Vilca Apaza', '211000', '210000'),
('211004', 'Quilcapuncu', '211000', '210000'),
('211005', 'Sina', '211000', '210000'),
('211101', 'Juliaca', '211100', '210000'),
('211102', 'Cabana', '211100', '210000'),
('211103', 'Cabanillas', '211100', '210000'),
('211104', 'Caracoto', '211100', '210000'),
('211105', 'San Miguel', '211100', '210000'),
('211201', 'Sandia', '211200', '210000'),
('211202', 'Cuyocuyo', '211200', '210000'),
('211203', 'Limbani', '211200', '210000'),
('211204', 'Patambuco', '211200', '210000'),
('211205', 'Phara', '211200', '210000'),
('211206', 'Quiaca', '211200', '210000'),
('211207', 'San Juan del Oro', '211200', '210000'),
('211208', 'Yanahuaya', '211200', '210000'),
('211209', 'Alto Inambari', '211200', '210000'),
('211210', 'San Pedro de Putina Punco', '211200', '210000'),
('211301', 'Yunguyo', '211300', '210000'),
('211302', 'Anapia', '211300', '210000'),
('211303', 'Copani', '211300', '210000'),
('211304', 'Cuturapi', '211300', '210000'),
('211305', 'Ollaraya', '211300', '210000'),
('211306', 'Tinicachi', '211300', '210000'),
('211307', 'Unicachi', '211300', '210000'),
('220101', 'Moyobamba', '220100', '220000'),
('220102', 'Calzada', '220100', '220000'),
('220103', 'Habana', '220100', '220000'),
('220104', 'Jepelacio', '220100', '220000'),
('220105', 'Soritor', '220100', '220000'),
('220106', 'Yantalo', '220100', '220000'),
('220201', 'Bellavista', '220200', '220000'),
('220202', 'Alto Biavo', '220200', '220000'),
('220203', 'Bajo Biavo', '220200', '220000'),
('220204', 'Huallaga', '220200', '220000'),
('220205', 'San Pablo', '220200', '220000'),
('220206', 'San Rafael', '220200', '220000'),
('220301', 'San José de Sisa', '220300', '220000'),
('220302', 'Agua Blanca', '220300', '220000'),
('220303', 'San Martín', '220300', '220000'),
('220304', 'Santa Rosa', '220300', '220000'),
('220305', 'Shatoja', '220300', '220000'),
('220401', 'Saposoa', '220400', '220000'),
('220402', 'Alto Saposoa', '220400', '220000'),
('220403', 'El Eslabón', '220400', '220000'),
('220404', 'Piscoyacu', '220400', '220000'),
('220405', 'Sacanche', '220400', '220000'),
('220406', 'Tingo de Saposoa', '220400', '220000'),
('220501', 'Lamas', '220500', '220000'),
('220502', 'Alonso de Alvarado', '220500', '220000'),
('220503', 'Barranquita', '220500', '220000'),
('220504', 'Caynarachi', '220500', '220000'),
('220505', 'Cuñumbuqui', '220500', '220000'),
('220506', 'Pinto Recodo', '220500', '220000'),
('220507', 'Rumisapa', '220500', '220000'),
('220508', 'San Roque de Cumbaza', '220500', '220000'),
('220509', 'Shanao', '220500', '220000'),
('220510', 'Tabalosos', '220500', '220000'),
('220511', 'Zapatero', '220500', '220000'),
('220601', 'Juanjuí', '220600', '220000'),
('220602', 'Campanilla', '220600', '220000'),
('220603', 'Huicungo', '220600', '220000'),
('220604', 'Pachiza', '220600', '220000'),
('220605', 'Pajarillo', '220600', '220000'),
('220701', 'Picota', '220700', '220000'),
('220702', 'Buenos Aires', '220700', '220000'),
('220703', 'Caspisapa', '220700', '220000'),
('220704', 'Pilluana', '220700', '220000'),
('220705', 'Pucacaca', '220700', '220000'),
('220706', 'San Cristóbal', '220700', '220000'),
('220707', 'San Hilarión', '220700', '220000'),
('220708', 'Shamboyacu', '220700', '220000'),
('220709', 'Tingo de Ponasa', '220700', '220000'),
('220710', 'Tres Unidos', '220700', '220000'),
('220801', 'Rioja', '220800', '220000'),
('220802', 'Awajun', '220800', '220000'),
('220803', 'Elías Soplin Vargas', '220800', '220000'),
('220804', 'Nueva Cajamarca', '220800', '220000'),
('220805', 'Pardo Miguel', '220800', '220000'),
('220806', 'Posic', '220800', '220000'),
('220807', 'San Fernando', '220800', '220000'),
('220808', 'Yorongos', '220800', '220000'),
('220809', 'Yuracyacu', '220800', '220000'),
('220901', 'Tarapoto', '220900', '220000'),
('220902', 'Alberto Leveau', '220900', '220000'),
('220903', 'Cacatachi', '220900', '220000'),
('220904', 'Chazuta', '220900', '220000'),
('220905', 'Chipurana', '220900', '220000'),
('220906', 'El Porvenir', '220900', '220000'),
('220907', 'Huimbayoc', '220900', '220000'),
('220908', 'Juan Guerra', '220900', '220000'),
('220909', 'La Banda de Shilcayo', '220900', '220000'),
('220910', 'Morales', '220900', '220000'),
('220911', 'Papaplaya', '220900', '220000'),
('220912', 'San Antonio', '220900', '220000'),
('220913', 'Sauce', '220900', '220000'),
('220914', 'Shapaja', '220900', '220000'),
('221001', 'Tocache', '221000', '220000'),
('221002', 'Nuevo Progreso', '221000', '220000'),
('221003', 'Polvora', '221000', '220000'),
('221004', 'Shunte', '221000', '220000'),
('221005', 'Uchiza', '221000', '220000'),
('230101', 'Tacna', '230100', '230000'),
('230102', 'Alto de la Alianza', '230100', '230000'),
('230103', 'Calana', '230100', '230000'),
('230104', 'Ciudad Nueva', '230100', '230000'),
('230105', 'Inclan', '230100', '230000'),
('230106', 'Pachia', '230100', '230000'),
('230107', 'Palca', '230100', '230000'),
('230108', 'Pocollay', '230100', '230000'),
('230109', 'Sama', '230100', '230000'),
('230110', 'Coronel Gregorio Albarracín Lanchipa', '230100', '230000'),
('230111', 'La Yarada los Palos', '230100', '230000'),
('230201', 'Candarave', '230200', '230000'),
('230202', 'Cairani', '230200', '230000'),
('230203', 'Camilaca', '230200', '230000'),
('230204', 'Curibaya', '230200', '230000'),
('230205', 'Huanuara', '230200', '230000'),
('230206', 'Quilahuani', '230200', '230000'),
('230301', 'Locumba', '230300', '230000'),
('230302', 'Ilabaya', '230300', '230000'),
('230303', 'Ite', '230300', '230000'),
('230401', 'Tarata', '230400', '230000'),
('230402', 'Héroes Albarracín', '230400', '230000'),
('230403', 'Estique', '230400', '230000'),
('230404', 'Estique-Pampa', '230400', '230000'),
('230405', 'Sitajara', '230400', '230000'),
('230406', 'Susapaya', '230400', '230000'),
('230407', 'Tarucachi', '230400', '230000'),
('230408', 'Ticaco', '230400', '230000'),
('240101', 'Tumbes', '240100', '240000'),
('240102', 'Corrales', '240100', '240000'),
('240103', 'La Cruz', '240100', '240000'),
('240104', 'Pampas de Hospital', '240100', '240000'),
('240105', 'San Jacinto', '240100', '240000'),
('240106', 'San Juan de la Virgen', '240100', '240000'),
('240201', 'Zorritos', '240200', '240000'),
('240202', 'Casitas', '240200', '240000'),
('240203', 'Canoas de Punta Sal', '240200', '240000'),
('240301', 'Zarumilla', '240300', '240000'),
('240302', 'Aguas Verdes', '240300', '240000'),
('240303', 'Matapalo', '240300', '240000'),
('240304', 'Papayal', '240300', '240000'),
('250101', 'Calleria', '250100', '250000'),
('250102', 'Campoverde', '250100', '250000'),
('250103', 'Iparia', '250100', '250000'),
('250104', 'Masisea', '250100', '250000'),
('250105', 'Yarinacocha', '250100', '250000'),
('250106', 'Nueva Requena', '250100', '250000'),
('250107', 'Manantay', '250100', '250000'),
('250201', 'Raymondi', '250200', '250000'),
('250202', 'Sepahua', '250200', '250000'),
('250203', 'Tahuania', '250200', '250000'),
('250204', 'Yurua', '250200', '250000'),
('250301', 'Padre Abad', '250300', '250000'),
('250302', 'Irazola', '250300', '250000'),
('250303', 'Curimana', '250300', '250000'),
('250304', 'Neshuya', '250300', '250000'),
('250305', 'Alexander Von Humboldt', '250300', '250000'),
('250401', 'Purús', '250400', '250000');